aufgabe_id,eltern_id,festival,ausgabe,regel_id,titel,schritt,phase,rolle,person,werkzeug,start,faellig,stunden,kanal,klasse,bezug,abstand,veroeffentlichung,status,hinweis
lus-2027-V-SHOP-V-intern,,Lusatia,2027,V-SHOP,"Ticketarten, Gesamtpreise, Kontingente und Shop einrichten",,,KOM,,,2026-09-03,2026-10-01,6.0,intern,INT,V,-42,2026-09-03,ueberfaellig,
lus-2027-V-SHOP-V-intern-I1,lus-2027-V-SHOP-V-intern,Lusatia,2027,V-SHOP,Ticketstruktur aus der Prognoseplattform übernehmen,I1,planung,FACH-TIX,,,2026-09-03,2026-09-03,1.0,intern,INT,V,-42,2026-09-03,ueberfaellig,
lus-2027-V-SHOP-V-intern-I2,lus-2027-V-SHOP-V-intern,Lusatia,2027,V-SHOP,"Shop konfigurieren, Texte und Bilder einsetzen",I2,erstellung,WEB,,GEN-TEXT,2026-09-03,2026-09-17,4.0,intern,INT,V,-42,2026-09-03,ueberfaellig,
lus-2027-V-SHOP-V-intern-I3,lus-2027-V-SHOP-V-intern,Lusatia,2027,V-SHOP,"Testkauf mit allen Ticketarten, Mails und Links",I3,freigabe,FACH-TIX,,,2026-10-01,2026-10-01,1.0,intern,INT,V,-42,2026-09-03,ueberfaellig,
lus-2027-V-ANK-V-feed,,Lusatia,2027,V-ANK,Vorverkauf ankündigen,,,KOM,,,2026-09-24,2026-10-08,8.75,feed,M,V,-7,2026-10-08,teilweise_ueberfaellig,
lus-2027-V-ANK-V-feed-P1,lus-2027-V-ANK-V-feed,Lusatia,2027,V-ANK,Briefing anlegen,P1,planung,KOM,,,2026-09-24,2026-09-24,0.5,feed,M,V,-7,2026-10-08,ueberfaellig,
lus-2027-V-ANK-V-feed-P2,lus-2027-V-ANK-V-feed,Lusatia,2027,V-ANK,Material und Beteiligte anfragen,P2,planung,RED,,,2026-09-24,2026-09-28,0.5,feed,M,V,-7,2026-10-08,ueberfaellig,
lus-2027-V-ANK-V-feed-E1,lus-2027-V-ANK-V-feed,Lusatia,2027,V-ANK,Text oder Skript erzeugen und überarbeiten,E1,erstellung,RED,,GEN-TEXT|GEN-SKRIPT,2026-09-28,2026-09-30,1.5,feed,M,V,-7,2026-10-08,ueberfaellig,
lus-2027-V-ANK-V-feed-E2,lus-2027-V-ANK-V-feed,Lusatia,2027,V-ANK,Karussell oder Schnitt erstellen,E2,erstellung,GRA,,GEN-CONTENT|GEN-GRAFIK,2026-09-29,2026-10-02,3.0,feed,M,V,-7,2026-10-08,ueberfaellig,
lus-2027-V-ANK-V-feed-A1,lus-2027-V-ANK-V-feed,Lusatia,2027,V-ANK,"Mit Beteiligten abstimmen, Collab-Einladung klären",A1,abstimmung,RED,,,2026-10-01,2026-10-02,0.75,feed,M,V,-7,2026-10-08,ueberfaellig,
lus-2027-V-ANK-V-feed-F1,lus-2027-V-ANK-V-feed,Lusatia,2027,V-ANK,Faktencheck,F1,freigabe,FACH-TIX,,,2026-10-02,2026-10-02,0.25,feed,M,V,-7,2026-10-08,ueberfaellig,
lus-2027-V-ANK-V-feed-F2,lus-2027-V-ANK-V-feed,Lusatia,2027,V-ANK,Redaktionsfreigabe,F2,freigabe,KOM,,,2026-10-05,2026-10-05,0.25,feed,M,V,-7,2026-10-08,offen,
lus-2027-V-ANK-V-feed-X1,lus-2027-V-ANK-V-feed,Lusatia,2027,V-ANK,"Einplanen, Collab und Markierungen setzen",X1,posting,CM,,,2026-10-07,2026-10-07,0.25,feed,M,V,-7,2026-10-08,offen,
lus-2027-V-ANK-V-feed-X2,lus-2027-V-ANK-V-feed,Lusatia,2027,V-ANK,"Veröffentlichung kontrollieren, Beteiligte informieren",X2,posting,CM,,,2026-10-08,2026-10-08,0.25,feed,M,V,-7,2026-10-08,offen,
lus-2027-V-ANK-V-feed-X9,lus-2027-V-ANK-V-feed,Lusatia,2027,V-ANK,Story begleitend ausspielen,X9,posting,CM,,GEN-CONTENT,2026-10-08,2026-10-08,0.5,feed,M,V,-7,2026-10-08,offen,
lus-2027-V-ANK-V-feed-N1,lus-2027-V-ANK-V-feed,Lusatia,2027,V-ANK,Kommentare und Nachrichten betreuen,N1,nachbereitung,CM,,,2026-10-08,2026-10-11,0.75,feed,M,V,-7,2026-10-08,offen,
lus-2027-V-ANK-V-feed-N2,lus-2027-V-ANK-V-feed,Lusatia,2027,V-ANK,Link und Ergebnis dokumentieren,N2,nachbereitung,CM,,,2026-10-15,2026-10-15,0.25,feed,M,V,-7,2026-10-08,offen,
lus-2027-V-NL-ANK-V-newsletter,,Lusatia,2027,V-NL-ANK,Newsletter Ankündigung Vorverkauf,,,KOM,,,2026-09-28,2026-10-08,4.0,newsletter,NL,V,-7,2026-10-08,teilweise_ueberfaellig,
lus-2027-V-NL-ANK-V-newsletter-P1,lus-2027-V-NL-ANK-V-newsletter,Lusatia,2027,V-NL-ANK,Thema und Empfängergruppe festlegen,P1,planung,KOM,,,2026-09-28,2026-09-28,0.25,newsletter,NL,V,-7,2026-10-08,ueberfaellig,
lus-2027-V-NL-ANK-V-newsletter-E1,lus-2027-V-NL-ANK-V-newsletter,Lusatia,2027,V-NL-ANK,"Betreff, Vorschau und Text erzeugen und überarbeiten",E1,erstellung,RED,,GEN-TEXT,2026-10-01,2026-10-02,1.5,newsletter,NL,V,-7,2026-10-08,ueberfaellig,
lus-2027-V-NL-ANK-V-newsletter-E2,lus-2027-V-NL-ANK-V-newsletter,Lusatia,2027,V-NL-ANK,Bilder erstellen,E2,erstellung,GRA,,GEN-GRAFIK,2026-10-02,2026-10-02,0.75,newsletter,NL,V,-7,2026-10-08,ueberfaellig,
lus-2027-V-NL-ANK-V-newsletter-F1,lus-2027-V-NL-ANK-V-newsletter,Lusatia,2027,V-NL-ANK,Faktencheck,F1,freigabe,FACH-TIX,,,2026-10-02,2026-10-05,0.25,newsletter,NL,V,-7,2026-10-08,offen,
lus-2027-V-NL-ANK-V-newsletter-F2,lus-2027-V-NL-ANK-V-newsletter,Lusatia,2027,V-NL-ANK,Redaktionsfreigabe,F2,freigabe,KOM,,,2026-10-05,2026-10-05,0.25,newsletter,NL,V,-7,2026-10-08,offen,
lus-2027-V-NL-ANK-V-newsletter-X1,lus-2027-V-NL-ANK-V-newsletter,Lusatia,2027,V-NL-ANK,"Testversand, Links und Segment prüfen",X1,posting,RED,,,2026-10-06,2026-10-06,0.5,newsletter,NL,V,-7,2026-10-08,offen,
lus-2027-V-NL-ANK-V-newsletter-X2,lus-2027-V-NL-ANK-V-newsletter,Lusatia,2027,V-NL-ANK,Versand,X2,posting,RED,,,2026-10-08,2026-10-08,0.25,newsletter,NL,V,-7,2026-10-08,offen,
lus-2027-V-NL-ANK-V-newsletter-N1,lus-2027-V-NL-ANK-V-newsletter,Lusatia,2027,V-NL-ANK,"Klicks, Antworten, Abmeldungen auswerten",N1,nachbereitung,RED,,,2026-10-09,2026-10-09,0.25,newsletter,NL,V,-7,2026-10-08,offen,
lus-2027-V-ERINN-V-story,,Lusatia,2027,V-ERINN,Erinnerung am Vortag,,,KOM,,,2026-10-07,2026-10-14,3.2,story,S,V,-1,2026-10-14,offen,
lus-2027-V-ERINN-V-story-P1,lus-2027-V-ERINN-V-story,Lusatia,2027,V-ERINN,"Briefing anlegen (Zielgruppe, Zweck, Kernbotschaft, Faktenquelle)",P1,planung,KOM,,,2026-10-07,2026-10-07,0.25,story,S,V,-1,2026-10-14,offen,
lus-2027-V-ERINN-V-story-E1,lus-2027-V-ERINN-V-story,Lusatia,2027,V-ERINN,Text erzeugen und überarbeiten,E1,erstellung,RED,,GEN-TEXT,2026-10-08,2026-10-09,0.5,story,S,V,-1,2026-10-14,offen,
lus-2027-V-ERINN-V-story-E2,lus-2027-V-ERINN-V-story,Lusatia,2027,V-ERINN,Grafik erzeugen und anpassen,E2,erstellung,GRA,,GEN-GRAFIK,2026-10-08,2026-10-09,1.0,story,S,V,-1,2026-10-14,offen,
lus-2027-V-ERINN-V-story-F1,lus-2027-V-ERINN-V-story,Lusatia,2027,V-ERINN,Faktencheck,F1,freigabe,FACH-TIX,,,2026-10-09,2026-10-09,0.25,story,S,V,-1,2026-10-14,offen,
lus-2027-V-ERINN-V-story-F2,lus-2027-V-ERINN-V-story,Lusatia,2027,V-ERINN,Redaktionsfreigabe,F2,freigabe,KOM,,,2026-10-09,2026-10-09,0.25,story,S,V,-1,2026-10-14,offen,
lus-2027-V-ERINN-V-story-X1,lus-2027-V-ERINN-V-story,Lusatia,2027,V-ERINN,"Einplanen, Links und Markierungen prüfen",X1,posting,CM,,,2026-10-13,2026-10-13,0.25,story,S,V,-1,2026-10-14,offen,
lus-2027-V-ERINN-V-story-X2,lus-2027-V-ERINN-V-story,Lusatia,2027,V-ERINN,Veröffentlichung kontrollieren,X2,posting,CM,,,2026-10-14,2026-10-14,0.1,story,S,V,-1,2026-10-14,offen,
lus-2027-V-ERINN-V-story-N1,lus-2027-V-ERINN-V-story,Lusatia,2027,V-ERINN,Kommentare und Nachrichten betreuen,N1,nachbereitung,CM,,,2026-10-14,2026-10-16,0.5,story,S,V,-1,2026-10-14,offen,
lus-2027-V-ERINN-V-story-N2,lus-2027-V-ERINN-V-story,Lusatia,2027,V-ERINN,Link und Ergebnis dokumentieren,N2,nachbereitung,CM,,,2026-10-21,2026-10-21,0.1,story,S,V,-1,2026-10-14,offen,
lus-2027-L-PRESSE-L-presse,,Lusatia,2027,L-PRESSE,Pressemitteilung Launch,,,KOM,,,2026-10-01,2026-10-15,5.0,presse,PR,L,0,2026-10-15,teilweise_ueberfaellig,
lus-2027-L-PRESSE-L-presse-P1,lus-2027-L-PRESSE-L-presse,Lusatia,2027,L-PRESSE,Anlass und Verteiler festlegen,P1,planung,PRESSE,,,2026-10-01,2026-10-01,0.5,presse,PR,L,0,2026-10-15,ueberfaellig,
lus-2027-L-PRESSE-L-presse-E1,lus-2027-L-PRESSE-L-presse,Lusatia,2027,L-PRESSE,Mitteilung erzeugen und überarbeiten,E1,erstellung,PRESSE,,GEN-TEXT,2026-10-02,2026-10-06,2.0,presse,PR,L,0,2026-10-15,offen,
lus-2027-L-PRESSE-L-presse-E2,lus-2027-L-PRESSE-L-presse,Lusatia,2027,L-PRESSE,"Pressefotos auswählen, Credits",E2,erstellung,GRA,,,2026-10-05,2026-10-07,1.0,presse,PR,L,0,2026-10-15,offen,
lus-2027-L-PRESSE-L-presse-F1,lus-2027-L-PRESSE-L-presse,Lusatia,2027,L-PRESSE,Faktencheck,F1,freigabe,KOM,,,2026-10-08,2026-10-09,0.5,presse,PR,L,0,2026-10-15,offen,
lus-2027-L-PRESSE-L-presse-F2,lus-2027-L-PRESSE-L-presse,Lusatia,2027,L-PRESSE,Freigabe,F2,freigabe,KOM,,,2026-10-09,2026-10-09,0.25,presse,PR,L,0,2026-10-15,offen,
lus-2027-L-PRESSE-L-presse-X1,lus-2027-L-PRESSE-L-presse,Lusatia,2027,L-PRESSE,Versand,X1,posting,PRESSE,,,2026-10-15,2026-10-15,0.5,presse,PR,L,0,2026-10-15,offen,
lus-2027-L-PRESSE-L-presse-N1,lus-2027-L-PRESSE-L-presse,Lusatia,2027,L-PRESSE,"Nachfassen, Veröffentlichungen sammeln",N1,nachbereitung,PRESSE,,,2026-10-16,2026-10-20,0.25,presse,PR,L,0,2026-10-15,offen,
lus-2027-V-NL-START-V-newsletter,,Lusatia,2027,V-NL-START,Newsletter Verkaufsstart,,,KOM,,,2026-10-05,2026-10-15,4.0,newsletter,NL,V,0,2026-10-15,offen,
lus-2027-V-NL-START-V-newsletter-P1,lus-2027-V-NL-START-V-newsletter,Lusatia,2027,V-NL-START,Thema und Empfängergruppe festlegen,P1,planung,KOM,,,2026-10-05,2026-10-05,0.25,newsletter,NL,V,0,2026-10-15,offen,
lus-2027-V-NL-START-V-newsletter-E1,lus-2027-V-NL-START-V-newsletter,Lusatia,2027,V-NL-START,"Betreff, Vorschau und Text erzeugen und überarbeiten",E1,erstellung,RED,,GEN-TEXT,2026-10-08,2026-10-09,1.5,newsletter,NL,V,0,2026-10-15,offen,
lus-2027-V-NL-START-V-newsletter-E2,lus-2027-V-NL-START-V-newsletter,Lusatia,2027,V-NL-START,Bilder erstellen,E2,erstellung,GRA,,GEN-GRAFIK,2026-10-09,2026-10-09,0.75,newsletter,NL,V,0,2026-10-15,offen,
lus-2027-V-NL-START-V-newsletter-F1,lus-2027-V-NL-START-V-newsletter,Lusatia,2027,V-NL-START,Faktencheck,F1,freigabe,FACH-TIX,,,2026-10-09,2026-10-12,0.25,newsletter,NL,V,0,2026-10-15,offen,
lus-2027-V-NL-START-V-newsletter-F2,lus-2027-V-NL-START-V-newsletter,Lusatia,2027,V-NL-START,Redaktionsfreigabe,F2,freigabe,KOM,,,2026-10-12,2026-10-12,0.25,newsletter,NL,V,0,2026-10-15,offen,
lus-2027-V-NL-START-V-newsletter-X1,lus-2027-V-NL-START-V-newsletter,Lusatia,2027,V-NL-START,"Testversand, Links und Segment prüfen",X1,posting,RED,,,2026-10-13,2026-10-13,0.5,newsletter,NL,V,0,2026-10-15,offen,
lus-2027-V-NL-START-V-newsletter-X2,lus-2027-V-NL-START-V-newsletter,Lusatia,2027,V-NL-START,Versand,X2,posting,RED,,,2026-10-15,2026-10-15,0.25,newsletter,NL,V,0,2026-10-15,offen,
lus-2027-V-NL-START-V-newsletter-N1,lus-2027-V-NL-START-V-newsletter,Lusatia,2027,V-NL-START,"Klicks, Antworten, Abmeldungen auswerten",N1,nachbereitung,RED,,,2026-10-16,2026-10-16,0.25,newsletter,NL,V,0,2026-10-15,offen,
lus-2027-V-START-V-feed,,Lusatia,2027,V-START,Verkaufsstart,,,KOM,,,2026-10-01,2026-10-15,8.75,feed,M,V,0,2026-10-15,teilweise_ueberfaellig,
lus-2027-V-START-V-feed-P1,lus-2027-V-START-V-feed,Lusatia,2027,V-START,Briefing anlegen,P1,planung,KOM,,,2026-10-01,2026-10-01,0.5,feed,M,V,0,2026-10-15,ueberfaellig,
lus-2027-V-START-V-feed-P2,lus-2027-V-START-V-feed,Lusatia,2027,V-START,Material und Beteiligte anfragen,P2,planung,RED,,,2026-10-01,2026-10-05,0.5,feed,M,V,0,2026-10-15,offen,
lus-2027-V-START-V-feed-E1,lus-2027-V-START-V-feed,Lusatia,2027,V-START,Text oder Skript erzeugen und überarbeiten,E1,erstellung,RED,,GEN-TEXT|GEN-SKRIPT,2026-10-05,2026-10-07,1.5,feed,M,V,0,2026-10-15,offen,
lus-2027-V-START-V-feed-E2,lus-2027-V-START-V-feed,Lusatia,2027,V-START,Karussell oder Schnitt erstellen,E2,erstellung,GRA,,GEN-CONTENT|GEN-GRAFIK,2026-10-06,2026-10-09,3.0,feed,M,V,0,2026-10-15,offen,
lus-2027-V-START-V-feed-A1,lus-2027-V-START-V-feed,Lusatia,2027,V-START,"Mit Beteiligten abstimmen, Collab-Einladung klären",A1,abstimmung,RED,,,2026-10-08,2026-10-09,0.75,feed,M,V,0,2026-10-15,offen,
lus-2027-V-START-V-feed-F1,lus-2027-V-START-V-feed,Lusatia,2027,V-START,Faktencheck,F1,freigabe,FACH-TIX,,,2026-10-09,2026-10-09,0.25,feed,M,V,0,2026-10-15,offen,
lus-2027-V-START-V-feed-F2,lus-2027-V-START-V-feed,Lusatia,2027,V-START,Redaktionsfreigabe,F2,freigabe,KOM,,,2026-10-12,2026-10-12,0.25,feed,M,V,0,2026-10-15,offen,
lus-2027-V-START-V-feed-X1,lus-2027-V-START-V-feed,Lusatia,2027,V-START,"Einplanen, Collab und Markierungen setzen",X1,posting,CM,,,2026-10-14,2026-10-14,0.25,feed,M,V,0,2026-10-15,offen,
lus-2027-V-START-V-feed-X2,lus-2027-V-START-V-feed,Lusatia,2027,V-START,"Veröffentlichung kontrollieren, Beteiligte informieren",X2,posting,CM,,,2026-10-15,2026-10-15,0.25,feed,M,V,0,2026-10-15,offen,
lus-2027-V-START-V-feed-X9,lus-2027-V-START-V-feed,Lusatia,2027,V-START,Story begleitend ausspielen,X9,posting,CM,,GEN-CONTENT,2026-10-15,2026-10-15,0.5,feed,M,V,0,2026-10-15,offen,
lus-2027-V-START-V-feed-N1,lus-2027-V-START-V-feed,Lusatia,2027,V-START,Kommentare und Nachrichten betreuen,N1,nachbereitung,CM,,,2026-10-15,2026-10-18,0.75,feed,M,V,0,2026-10-15,offen,
lus-2027-V-START-V-feed-N2,lus-2027-V-START-V-feed,Lusatia,2027,V-START,Link und Ergebnis dokumentieren,N2,nachbereitung,CM,,,2026-10-22,2026-10-22,0.25,feed,M,V,0,2026-10-15,offen,
lus-2027-V-START-WEB-V-website,,Lusatia,2027,V-START-WEB,Website zu: Verkaufsstart,,,KOM,,,2026-10-12,2026-10-15,1.5,website,WEB,V,0,2026-10-15,offen,
lus-2027-V-START-WEB-V-website-E1,lus-2027-V-START-WEB-V-website,Lusatia,2027,V-START-WEB,Seite aktualisieren,E1,erstellung,WEB,,GEN-TEXT,2026-10-12,2026-10-13,1.0,website,WEB,V,0,2026-10-15,offen,
lus-2027-V-START-WEB-V-website-F1,lus-2027-V-START-WEB-V-website,Lusatia,2027,V-START-WEB,Faktencheck,F1,freigabe,FACH-TIX,,,2026-10-14,2026-10-14,0.25,website,WEB,V,0,2026-10-15,offen,
lus-2027-V-START-WEB-V-website-X1,lus-2027-V-START-WEB-V-website,Lusatia,2027,V-START-WEB,"Live schalten, Links prüfen",X1,posting,WEB,,,2026-10-15,2026-10-15,0.25,website,WEB,V,0,2026-10-15,offen,
lus-2027-V-PRUEF-V-intern,,Lusatia,2027,V-PRUEF,"Fragen und Kaufabbrüche prüfen, Missverständnisse beheben",,,KOM,,,2026-10-16,2026-10-16,1.0,intern,INT,V,2,2026-10-17,offen,
lus-2027-V-PRUEF-V-intern-I1,lus-2027-V-PRUEF-V-intern,Lusatia,2027,V-PRUEF,"Abbrüche, Fragen und Fehler sichten, Korrekturen beauftragen",I1,nachbereitung,KOM,,,2026-10-16,2026-10-16,1.0,intern,INT,V,2,2026-10-17,offen,
lus-2027-L-VERTIEF-L-feed,,Lusatia,2027,L-VERTIEF,"Festivalidee vertiefen, erste Fragen beantworten",,,KOM,,,2026-10-09,2026-10-18,3.2,feed,S,L,3,2026-10-18,offen,
lus-2027-L-VERTIEF-L-feed-P1,lus-2027-L-VERTIEF-L-feed,Lusatia,2027,L-VERTIEF,"Briefing anlegen (Zielgruppe, Zweck, Kernbotschaft, Faktenquelle)",P1,planung,KOM,,,2026-10-09,2026-10-09,0.25,feed,S,L,3,2026-10-18,offen,
lus-2027-L-VERTIEF-L-feed-E1,lus-2027-L-VERTIEF-L-feed,Lusatia,2027,L-VERTIEF,Text erzeugen und überarbeiten,E1,erstellung,RED,,GEN-TEXT,2026-10-12,2026-10-13,0.5,feed,S,L,3,2026-10-18,offen,
lus-2027-L-VERTIEF-L-feed-E2,lus-2027-L-VERTIEF-L-feed,Lusatia,2027,L-VERTIEF,Grafik erzeugen und anpassen,E2,erstellung,GRA,,GEN-GRAFIK,2026-10-12,2026-10-14,1.0,feed,S,L,3,2026-10-18,offen,
lus-2027-L-VERTIEF-L-feed-F1,lus-2027-L-VERTIEF-L-feed,Lusatia,2027,L-VERTIEF,Faktencheck,F1,freigabe,KOM,,,2026-10-14,2026-10-15,0.25,feed,S,L,3,2026-10-18,offen,
lus-2027-L-VERTIEF-L-feed-F2,lus-2027-L-VERTIEF-L-feed,Lusatia,2027,L-VERTIEF,Redaktionsfreigabe,F2,freigabe,KOM,,,2026-10-15,2026-10-15,0.25,feed,S,L,3,2026-10-18,offen,
lus-2027-L-VERTIEF-L-feed-X1,lus-2027-L-VERTIEF-L-feed,Lusatia,2027,L-VERTIEF,"Einplanen, Links und Markierungen prüfen",X1,posting,CM,,,2026-10-16,2026-10-16,0.25,feed,S,L,3,2026-10-18,offen,
lus-2027-L-VERTIEF-L-feed-X2,lus-2027-L-VERTIEF-L-feed,Lusatia,2027,L-VERTIEF,Veröffentlichung kontrollieren,X2,posting,CM,,,2026-10-18,2026-10-18,0.1,feed,S,L,3,2026-10-18,offen,
lus-2027-L-VERTIEF-L-feed-N1,lus-2027-L-VERTIEF-L-feed,Lusatia,2027,L-VERTIEF,Kommentare und Nachrichten betreuen,N1,nachbereitung,CM,,,2026-10-18,2026-10-20,0.5,feed,S,L,3,2026-10-18,offen,
lus-2027-L-VERTIEF-L-feed-N2,lus-2027-L-VERTIEF-L-feed,Lusatia,2027,L-VERTIEF,Link und Ergebnis dokumentieren,N2,nachbereitung,CM,,,2026-10-23,2026-10-23,0.1,feed,S,L,3,2026-10-18,offen,
lus-2027-PRUEF-pruefpunkt1-intern,,Lusatia,2027,PRUEF,Prüfpunkt Verkauf gegen Zielpfad,,,KOM,,,2026-10-22,2026-10-22,0.5,intern,INT,pruefpunkt,0,2026-10-22,offen,
lus-2027-PRUEF-pruefpunkt1-intern-I1,lus-2027-PRUEF-pruefpunkt1-intern,Lusatia,2027,PRUEF,"Verkauf, Fragen, Reichweite prüfen; Stufe festlegen; Extras auswählen",I1,nachbereitung,KOM,,,2026-10-22,2026-10-22,0.5,intern,INT,pruefpunkt,0,2026-10-22,offen,
lus-2027-SLOT-phase1-feed,,Lusatia,2027,SLOT,Redaktionsslot erlebnis,,,KOM,,,2026-10-23,2026-10-31,3.2,feed,S,phase,0,2026-10-31,offen,
lus-2027-SLOT-phase1-feed-P1,lus-2027-SLOT-phase1-feed,Lusatia,2027,SLOT,"Briefing anlegen (Zielgruppe, Zweck, Kernbotschaft, Faktenquelle)",P1,planung,KOM,,,2026-10-23,2026-10-23,0.25,feed,S,phase,0,2026-10-31,offen,
lus-2027-SLOT-phase1-feed-E1,lus-2027-SLOT-phase1-feed,Lusatia,2027,SLOT,Text erzeugen und überarbeiten,E1,erstellung,RED,,GEN-TEXT,2026-10-23,2026-10-26,0.5,feed,S,phase,0,2026-10-31,offen,
lus-2027-SLOT-phase1-feed-E2,lus-2027-SLOT-phase1-feed,Lusatia,2027,SLOT,Grafik erzeugen und anpassen,E2,erstellung,GRA,,GEN-GRAFIK,2026-10-23,2026-10-27,1.0,feed,S,phase,0,2026-10-31,offen,
lus-2027-SLOT-phase1-feed-F1,lus-2027-SLOT-phase1-feed,Lusatia,2027,SLOT,Faktencheck,F1,freigabe,KOM,,,2026-10-27,2026-10-28,0.25,feed,S,phase,0,2026-10-31,offen,
lus-2027-SLOT-phase1-feed-F2,lus-2027-SLOT-phase1-feed,Lusatia,2027,SLOT,Redaktionsfreigabe,F2,freigabe,KOM,,,2026-10-28,2026-10-28,0.25,feed,S,phase,0,2026-10-31,offen,
lus-2027-SLOT-phase1-feed-X1,lus-2027-SLOT-phase1-feed,Lusatia,2027,SLOT,"Einplanen, Links und Markierungen prüfen",X1,posting,CM,,,2026-10-30,2026-10-30,0.25,feed,S,phase,0,2026-10-31,offen,
lus-2027-SLOT-phase1-feed-X2,lus-2027-SLOT-phase1-feed,Lusatia,2027,SLOT,Veröffentlichung kontrollieren,X2,posting,CM,,,2026-10-31,2026-10-31,0.1,feed,S,phase,0,2026-10-31,offen,
lus-2027-SLOT-phase1-feed-N1,lus-2027-SLOT-phase1-feed,Lusatia,2027,SLOT,Kommentare und Nachrichten betreuen,N1,nachbereitung,CM,,,2026-10-31,2026-11-02,0.5,feed,S,phase,0,2026-10-31,offen,
lus-2027-SLOT-phase1-feed-N2,lus-2027-SLOT-phase1-feed,Lusatia,2027,SLOT,Link und Ergebnis dokumentieren,N2,nachbereitung,CM,,,2026-11-06,2026-11-06,0.1,feed,S,phase,0,2026-10-31,offen,
lus-2027-SLOT-phase2-feed,,Lusatia,2027,SLOT,Redaktionsslot menschen,,,KOM,,,2026-10-23,2026-11-06,8.25,feed,M,phase,0,2026-11-06,offen,
lus-2027-SLOT-phase2-feed-P1,lus-2027-SLOT-phase2-feed,Lusatia,2027,SLOT,Briefing anlegen,P1,planung,KOM,,,2026-10-23,2026-10-23,0.5,feed,M,phase,0,2026-11-06,offen,
lus-2027-SLOT-phase2-feed-P2,lus-2027-SLOT-phase2-feed,Lusatia,2027,SLOT,Material und Beteiligte anfragen,P2,planung,RED,,,2026-10-23,2026-10-27,0.5,feed,M,phase,0,2026-11-06,offen,
lus-2027-SLOT-phase2-feed-E1,lus-2027-SLOT-phase2-feed,Lusatia,2027,SLOT,Text oder Skript erzeugen und überarbeiten,E1,erstellung,RED,,GEN-TEXT|GEN-SKRIPT,2026-10-27,2026-10-29,1.5,feed,M,phase,0,2026-11-06,offen,
lus-2027-SLOT-phase2-feed-E2,lus-2027-SLOT-phase2-feed,Lusatia,2027,SLOT,Karussell oder Schnitt erstellen,E2,erstellung,GRA,,GEN-CONTENT|GEN-GRAFIK,2026-10-28,2026-10-30,3.0,feed,M,phase,0,2026-11-06,offen,
lus-2027-SLOT-phase2-feed-A1,lus-2027-SLOT-phase2-feed,Lusatia,2027,SLOT,"Mit Beteiligten abstimmen, Collab-Einladung klären",A1,abstimmung,RED,,,2026-10-30,2026-10-30,0.75,feed,M,phase,0,2026-11-06,offen,
lus-2027-SLOT-phase2-feed-F1,lus-2027-SLOT-phase2-feed,Lusatia,2027,SLOT,Faktencheck,F1,freigabe,KOM,,,2026-10-30,2026-11-02,0.25,feed,M,phase,0,2026-11-06,offen,
lus-2027-SLOT-phase2-feed-F2,lus-2027-SLOT-phase2-feed,Lusatia,2027,SLOT,Redaktionsfreigabe,F2,freigabe,KOM,,,2026-11-03,2026-11-03,0.25,feed,M,phase,0,2026-11-06,offen,
lus-2027-SLOT-phase2-feed-X1,lus-2027-SLOT-phase2-feed,Lusatia,2027,SLOT,"Einplanen, Collab und Markierungen setzen",X1,posting,CM,,,2026-11-05,2026-11-05,0.25,feed,M,phase,0,2026-11-06,offen,
lus-2027-SLOT-phase2-feed-X2,lus-2027-SLOT-phase2-feed,Lusatia,2027,SLOT,"Veröffentlichung kontrollieren, Beteiligte informieren",X2,posting,CM,,,2026-11-06,2026-11-06,0.25,feed,M,phase,0,2026-11-06,offen,
lus-2027-SLOT-phase2-feed-N1,lus-2027-SLOT-phase2-feed,Lusatia,2027,SLOT,Kommentare und Nachrichten betreuen,N1,nachbereitung,CM,,,2026-11-06,2026-11-09,0.75,feed,M,phase,0,2026-11-06,offen,
lus-2027-SLOT-phase2-feed-N2,lus-2027-SLOT-phase2-feed,Lusatia,2027,SLOT,Link und Ergebnis dokumentieren,N2,nachbereitung,CM,,,2026-11-13,2026-11-13,0.25,feed,M,phase,0,2026-11-06,offen,
lus-2027-SLOT-phase3-feed,,Lusatia,2027,SLOT,Redaktionsslot entscheidung,,,KOM,,,2026-11-04,2026-11-11,3.2,feed,S,phase,0,2026-11-11,offen,
lus-2027-SLOT-phase3-feed-P1,lus-2027-SLOT-phase3-feed,Lusatia,2027,SLOT,"Briefing anlegen (Zielgruppe, Zweck, Kernbotschaft, Faktenquelle)",P1,planung,KOM,,,2026-11-04,2026-11-04,0.25,feed,S,phase,0,2026-11-11,offen,
lus-2027-SLOT-phase3-feed-E1,lus-2027-SLOT-phase3-feed,Lusatia,2027,SLOT,Text erzeugen und überarbeiten,E1,erstellung,RED,,GEN-TEXT,2026-11-05,2026-11-06,0.5,feed,S,phase,0,2026-11-11,offen,
lus-2027-SLOT-phase3-feed-E2,lus-2027-SLOT-phase3-feed,Lusatia,2027,SLOT,Grafik erzeugen und anpassen,E2,erstellung,GRA,,GEN-GRAFIK,2026-11-05,2026-11-06,1.0,feed,S,phase,0,2026-11-11,offen,
lus-2027-SLOT-phase3-feed-F1,lus-2027-SLOT-phase3-feed,Lusatia,2027,SLOT,Faktencheck,F1,freigabe,KOM,,,2026-11-06,2026-11-06,0.25,feed,S,phase,0,2026-11-11,offen,
lus-2027-SLOT-phase3-feed-F2,lus-2027-SLOT-phase3-feed,Lusatia,2027,SLOT,Redaktionsfreigabe,F2,freigabe,KOM,,,2026-11-06,2026-11-06,0.25,feed,S,phase,0,2026-11-11,offen,
lus-2027-SLOT-phase3-feed-X1,lus-2027-SLOT-phase3-feed,Lusatia,2027,SLOT,"Einplanen, Links und Markierungen prüfen",X1,posting,CM,,,2026-11-10,2026-11-10,0.25,feed,S,phase,0,2026-11-11,offen,
lus-2027-SLOT-phase3-feed-X2,lus-2027-SLOT-phase3-feed,Lusatia,2027,SLOT,Veröffentlichung kontrollieren,X2,posting,CM,,,2026-11-11,2026-11-11,0.1,feed,S,phase,0,2026-11-11,offen,
lus-2027-SLOT-phase3-feed-N1,lus-2027-SLOT-phase3-feed,Lusatia,2027,SLOT,Kommentare und Nachrichten betreuen,N1,nachbereitung,CM,,,2026-11-11,2026-11-13,0.5,feed,S,phase,0,2026-11-11,offen,
lus-2027-SLOT-phase3-feed-N2,lus-2027-SLOT-phase3-feed,Lusatia,2027,SLOT,Link und Ergebnis dokumentieren,N2,nachbereitung,CM,,,2026-11-18,2026-11-18,0.1,feed,S,phase,0,2026-11-11,offen,
lus-2027-PRUEF-pruefpunkt2-intern,,Lusatia,2027,PRUEF,Prüfpunkt Verkauf gegen Zielpfad,,,KOM,,,2026-11-12,2026-11-12,0.5,intern,INT,pruefpunkt,0,2026-11-12,offen,
lus-2027-PRUEF-pruefpunkt2-intern-I1,lus-2027-PRUEF-pruefpunkt2-intern,Lusatia,2027,PRUEF,"Verkauf, Fragen, Reichweite prüfen; Stufe festlegen; Extras auswählen",I1,nachbereitung,KOM,,,2026-11-12,2026-11-12,0.5,intern,INT,pruefpunkt,0,2026-11-12,offen,
lus-2027-AD-WINTER-S-BF-anzeige,,Lusatia,2027,AD-WINTER,Anzeigen Black Friday und Geschenk-Tickets,,,KOM,,,2026-11-06,2026-11-20,9.75,anzeige,AD,S-BF,-7,2026-11-20,offen,
lus-2027-AD-WINTER-S-BF-anzeige-P1,lus-2027-AD-WINTER-S-BF-anzeige,Lusatia,2027,AD-WINTER,"Ziel, Budget, Laufzeit und Stoppregeln festlegen",P1,planung,KOM,,,2026-11-06,2026-11-06,0.5,anzeige,AD,S-BF,-7,2026-11-20,offen,
lus-2027-AD-WINTER-S-BF-anzeige-E2,lus-2027-AD-WINTER-S-BF-anzeige,Lusatia,2027,AD-WINTER,Textvarianten erzeugen,E2,erstellung,RED,,GEN-TEXT,2026-11-06,2026-11-11,1.0,anzeige,AD,S-BF,-7,2026-11-20,offen,
lus-2027-AD-WINTER-S-BF-anzeige-E1,lus-2027-AD-WINTER-S-BF-anzeige,Lusatia,2027,AD-WINTER,Motive je Einwand oder Motiv erstellen,E1,erstellung,GRA,,GEN-GRAFIK,2026-11-06,2026-11-12,2.0,anzeige,AD,S-BF,-7,2026-11-20,offen,
lus-2027-AD-WINTER-S-BF-anzeige-E3,lus-2027-AD-WINTER-S-BF-anzeige,Lusatia,2027,AD-WINTER,Zielgruppen und Tracking einrichten,E3,erstellung,ADS,,,2026-11-12,2026-11-16,1.0,anzeige,AD,S-BF,-7,2026-11-20,offen,
lus-2027-AD-WINTER-S-BF-anzeige-F1,lus-2027-AD-WINTER-S-BF-anzeige,Lusatia,2027,AD-WINTER,"Preise, Bestand und Kaufweg prüfen",F1,freigabe,FACH-TIX,,,2026-11-16,2026-11-17,0.25,anzeige,AD,S-BF,-7,2026-11-20,offen,
lus-2027-AD-WINTER-S-BF-anzeige-F2,lus-2027-AD-WINTER-S-BF-anzeige,Lusatia,2027,AD-WINTER,Freigabe mit Budget,F2,freigabe,KOM,,,2026-11-17,2026-11-17,0.25,anzeige,AD,S-BF,-7,2026-11-20,offen,
lus-2027-AD-WINTER-S-BF-anzeige-X1,lus-2027-AD-WINTER-S-BF-anzeige,Lusatia,2027,AD-WINTER,Kampagne starten,X1,posting,ADS,,,2026-11-20,2026-11-20,0.25,anzeige,AD,S-BF,-7,2026-11-20,offen,
lus-2027-AD-WINTER-S-BF-anzeige-N1w1,lus-2027-AD-WINTER-S-BF-anzeige,Lusatia,2027,AD-WINTER,"Wöchentliche Kontrolle, bei Ausverkauf oder falschem Preis sofort anpassen (Woche 1)",N1w1,nachbereitung,ADS,,,2026-11-27,2026-11-27,1.0,anzeige,AD,S-BF,-7,2026-11-20,offen,
lus-2027-AD-WINTER-S-BF-anzeige-N1w2,lus-2027-AD-WINTER-S-BF-anzeige,Lusatia,2027,AD-WINTER,"Wöchentliche Kontrolle, bei Ausverkauf oder falschem Preis sofort anpassen (Woche 2)",N1w2,nachbereitung,ADS,,,2026-12-04,2026-12-04,1.0,anzeige,AD,S-BF,-7,2026-11-20,offen,
lus-2027-AD-WINTER-S-BF-anzeige-N1w3,lus-2027-AD-WINTER-S-BF-anzeige,Lusatia,2027,AD-WINTER,"Wöchentliche Kontrolle, bei Ausverkauf oder falschem Preis sofort anpassen (Woche 3)",N1w3,nachbereitung,ADS,,,2026-12-11,2026-12-11,1.0,anzeige,AD,S-BF,-7,2026-11-20,offen,
lus-2027-AD-WINTER-S-BF-anzeige-N1w4,lus-2027-AD-WINTER-S-BF-anzeige,Lusatia,2027,AD-WINTER,"Wöchentliche Kontrolle, bei Ausverkauf oder falschem Preis sofort anpassen (Woche 4)",N1w4,nachbereitung,ADS,,,2026-12-18,2026-12-18,1.0,anzeige,AD,S-BF,-7,2026-11-20,offen,
lus-2027-AD-WINTER-S-BF-anzeige-N2,lus-2027-AD-WINTER-S-BF-anzeige,Lusatia,2027,AD-WINTER,Abschluss und Kosten je Ergebnis dokumentieren,N2,nachbereitung,ADS,,,2026-12-24,2026-12-24,0.5,anzeige,AD,S-BF,-7,2026-11-20,offen,
lus-2027-SLOT-phase4-feed,,Lusatia,2027,SLOT,Redaktionsslot orientierung,,,KOM,,,2026-11-09,2026-11-23,8.25,feed,M,phase,0,2026-11-23,offen,
lus-2027-SLOT-phase4-feed-P1,lus-2027-SLOT-phase4-feed,Lusatia,2027,SLOT,Briefing anlegen,P1,planung,KOM,,,2026-11-09,2026-11-09,0.5,feed,M,phase,0,2026-11-23,offen,
lus-2027-SLOT-phase4-feed-P2,lus-2027-SLOT-phase4-feed,Lusatia,2027,SLOT,Material und Beteiligte anfragen,P2,planung,RED,,,2026-11-09,2026-11-13,0.5,feed,M,phase,0,2026-11-23,offen,
lus-2027-SLOT-phase4-feed-E1,lus-2027-SLOT-phase4-feed,Lusatia,2027,SLOT,Text oder Skript erzeugen und überarbeiten,E1,erstellung,RED,,GEN-TEXT|GEN-SKRIPT,2026-11-13,2026-11-13,1.5,feed,M,phase,0,2026-11-23,offen,
lus-2027-SLOT-phase4-feed-E2,lus-2027-SLOT-phase4-feed,Lusatia,2027,SLOT,Karussell oder Schnitt erstellen,E2,erstellung,GRA,,GEN-CONTENT|GEN-GRAFIK,2026-11-13,2026-11-17,3.0,feed,M,phase,0,2026-11-23,offen,
lus-2027-SLOT-phase4-feed-A1,lus-2027-SLOT-phase4-feed,Lusatia,2027,SLOT,"Mit Beteiligten abstimmen, Collab-Einladung klären",A1,abstimmung,RED,,,2026-11-16,2026-11-18,0.75,feed,M,phase,0,2026-11-23,offen,
lus-2027-SLOT-phase4-feed-F1,lus-2027-SLOT-phase4-feed,Lusatia,2027,SLOT,Faktencheck,F1,freigabe,KOM,,,2026-11-18,2026-11-19,0.25,feed,M,phase,0,2026-11-23,offen,
lus-2027-SLOT-phase4-feed-F2,lus-2027-SLOT-phase4-feed,Lusatia,2027,SLOT,Redaktionsfreigabe,F2,freigabe,KOM,,,2026-11-20,2026-11-20,0.25,feed,M,phase,0,2026-11-23,offen,
lus-2027-SLOT-phase4-feed-X1,lus-2027-SLOT-phase4-feed,Lusatia,2027,SLOT,"Einplanen, Collab und Markierungen setzen",X1,posting,CM,,,2026-11-20,2026-11-20,0.25,feed,M,phase,0,2026-11-23,offen,
lus-2027-SLOT-phase4-feed-X2,lus-2027-SLOT-phase4-feed,Lusatia,2027,SLOT,"Veröffentlichung kontrollieren, Beteiligte informieren",X2,posting,CM,,,2026-11-23,2026-11-23,0.25,feed,M,phase,0,2026-11-23,offen,
lus-2027-SLOT-phase4-feed-N1,lus-2027-SLOT-phase4-feed,Lusatia,2027,SLOT,Kommentare und Nachrichten betreuen,N1,nachbereitung,CM,,,2026-11-23,2026-11-26,0.75,feed,M,phase,0,2026-11-23,offen,
lus-2027-SLOT-phase4-feed-N2,lus-2027-SLOT-phase4-feed,Lusatia,2027,SLOT,Link und Ergebnis dokumentieren,N2,nachbereitung,CM,,,2026-11-30,2026-11-30,0.25,feed,M,phase,0,2026-11-23,offen,
lus-2027-SLOT-phase5-feed,,Lusatia,2027,SLOT,Redaktionsslot erlebnis,,,KOM,,,2026-11-27,2026-12-05,3.2,feed,S,phase,0,2026-12-05,offen,
lus-2027-SLOT-phase5-feed-P1,lus-2027-SLOT-phase5-feed,Lusatia,2027,SLOT,"Briefing anlegen (Zielgruppe, Zweck, Kernbotschaft, Faktenquelle)",P1,planung,KOM,,,2026-11-27,2026-11-27,0.25,feed,S,phase,0,2026-12-05,offen,
lus-2027-SLOT-phase5-feed-E1,lus-2027-SLOT-phase5-feed,Lusatia,2027,SLOT,Text erzeugen und überarbeiten,E1,erstellung,RED,,GEN-TEXT,2026-11-27,2026-11-30,0.5,feed,S,phase,0,2026-12-05,offen,
lus-2027-SLOT-phase5-feed-E2,lus-2027-SLOT-phase5-feed,Lusatia,2027,SLOT,Grafik erzeugen und anpassen,E2,erstellung,GRA,,GEN-GRAFIK,2026-11-27,2026-12-01,1.0,feed,S,phase,0,2026-12-05,offen,
lus-2027-SLOT-phase5-feed-F1,lus-2027-SLOT-phase5-feed,Lusatia,2027,SLOT,Faktencheck,F1,freigabe,KOM,,,2026-12-01,2026-12-02,0.25,feed,S,phase,0,2026-12-05,offen,
lus-2027-SLOT-phase5-feed-F2,lus-2027-SLOT-phase5-feed,Lusatia,2027,SLOT,Redaktionsfreigabe,F2,freigabe,KOM,,,2026-12-02,2026-12-02,0.25,feed,S,phase,0,2026-12-05,offen,
lus-2027-SLOT-phase5-feed-X1,lus-2027-SLOT-phase5-feed,Lusatia,2027,SLOT,"Einplanen, Links und Markierungen prüfen",X1,posting,CM,,,2026-12-04,2026-12-04,0.25,feed,S,phase,0,2026-12-05,offen,
lus-2027-SLOT-phase5-feed-X2,lus-2027-SLOT-phase5-feed,Lusatia,2027,SLOT,Veröffentlichung kontrollieren,X2,posting,CM,,,2026-12-05,2026-12-05,0.1,feed,S,phase,0,2026-12-05,offen,
lus-2027-SLOT-phase5-feed-N1,lus-2027-SLOT-phase5-feed,Lusatia,2027,SLOT,Kommentare und Nachrichten betreuen,N1,nachbereitung,CM,,,2026-12-05,2026-12-07,0.5,feed,S,phase,0,2026-12-05,offen,
lus-2027-SLOT-phase5-feed-N2,lus-2027-SLOT-phase5-feed,Lusatia,2027,SLOT,Link und Ergebnis dokumentieren,N2,nachbereitung,CM,,,2026-12-11,2026-12-11,0.1,feed,S,phase,0,2026-12-05,offen,
lus-2027-PRUEF-pruefpunkt3-intern,,Lusatia,2027,PRUEF,Prüfpunkt Verkauf gegen Zielpfad,,,KOM,,,2026-12-10,2026-12-10,0.5,intern,INT,pruefpunkt,0,2026-12-10,offen,
lus-2027-PRUEF-pruefpunkt3-intern-I1,lus-2027-PRUEF-pruefpunkt3-intern,Lusatia,2027,PRUEF,"Verkauf, Fragen, Reichweite prüfen; Stufe festlegen; Extras auswählen",I1,nachbereitung,KOM,,,2026-12-10,2026-12-10,0.5,intern,INT,pruefpunkt,0,2026-12-10,offen,
lus-2027-S-XMAS-S-XMAS-feed,,Lusatia,2027,S-XMAS,Tickets als Geschenk,,,KOM,,,2026-12-08,2026-12-15,3.7,feed,S,S-XMAS,0,2026-12-15,offen,
lus-2027-S-XMAS-S-XMAS-feed-P1,lus-2027-S-XMAS-S-XMAS-feed,Lusatia,2027,S-XMAS,"Briefing anlegen (Zielgruppe, Zweck, Kernbotschaft, Faktenquelle)",P1,planung,KOM,,,2026-12-08,2026-12-08,0.25,feed,S,S-XMAS,0,2026-12-15,offen,
lus-2027-S-XMAS-S-XMAS-feed-E1,lus-2027-S-XMAS-S-XMAS-feed,Lusatia,2027,S-XMAS,Text erzeugen und überarbeiten,E1,erstellung,RED,,GEN-TEXT,2026-12-09,2026-12-10,0.5,feed,S,S-XMAS,0,2026-12-15,offen,
lus-2027-S-XMAS-S-XMAS-feed-E2,lus-2027-S-XMAS-S-XMAS-feed,Lusatia,2027,S-XMAS,Grafik erzeugen und anpassen,E2,erstellung,GRA,,GEN-GRAFIK,2026-12-09,2026-12-11,1.0,feed,S,S-XMAS,0,2026-12-15,offen,
lus-2027-S-XMAS-S-XMAS-feed-F1,lus-2027-S-XMAS-S-XMAS-feed,Lusatia,2027,S-XMAS,Faktencheck,F1,freigabe,FACH-TIX,,,2026-12-11,2026-12-11,0.25,feed,S,S-XMAS,0,2026-12-15,offen,
lus-2027-S-XMAS-S-XMAS-feed-F2,lus-2027-S-XMAS-S-XMAS-feed,Lusatia,2027,S-XMAS,Redaktionsfreigabe,F2,freigabe,KOM,,,2026-12-11,2026-12-11,0.25,feed,S,S-XMAS,0,2026-12-15,offen,
lus-2027-S-XMAS-S-XMAS-feed-X1,lus-2027-S-XMAS-S-XMAS-feed,Lusatia,2027,S-XMAS,"Einplanen, Links und Markierungen prüfen",X1,posting,CM,,,2026-12-14,2026-12-14,0.25,feed,S,S-XMAS,0,2026-12-15,offen,
lus-2027-S-XMAS-S-XMAS-feed-X2,lus-2027-S-XMAS-S-XMAS-feed,Lusatia,2027,S-XMAS,Veröffentlichung kontrollieren,X2,posting,CM,,,2026-12-15,2026-12-15,0.1,feed,S,S-XMAS,0,2026-12-15,offen,
lus-2027-S-XMAS-S-XMAS-feed-X9,lus-2027-S-XMAS-S-XMAS-feed,Lusatia,2027,S-XMAS,Story begleitend ausspielen,X9,posting,CM,,GEN-CONTENT,2026-12-15,2026-12-15,0.5,feed,S,S-XMAS,0,2026-12-15,offen,
lus-2027-S-XMAS-S-XMAS-feed-N1,lus-2027-S-XMAS-S-XMAS-feed,Lusatia,2027,S-XMAS,Kommentare und Nachrichten betreuen,N1,nachbereitung,CM,,,2026-12-15,2026-12-17,0.5,feed,S,S-XMAS,0,2026-12-15,offen,
lus-2027-S-XMAS-S-XMAS-feed-N2,lus-2027-S-XMAS-S-XMAS-feed,Lusatia,2027,S-XMAS,Link und Ergebnis dokumentieren,N2,nachbereitung,CM,,,2026-12-22,2026-12-22,0.1,feed,S,S-XMAS,0,2026-12-15,offen,
lus-2027-SLOT-phase6-feed,,Lusatia,2027,SLOT,Redaktionsslot menschen,,,KOM,,,2026-12-21,2026-12-28,3.2,feed,S,phase,0,2026-12-28,offen,
lus-2027-SLOT-phase6-feed-P1,lus-2027-SLOT-phase6-feed,Lusatia,2027,SLOT,"Briefing anlegen (Zielgruppe, Zweck, Kernbotschaft, Faktenquelle)",P1,planung,KOM,,,2026-12-21,2026-12-21,0.25,feed,S,phase,0,2026-12-28,offen,
lus-2027-SLOT-phase6-feed-E1,lus-2027-SLOT-phase6-feed,Lusatia,2027,SLOT,Text erzeugen und überarbeiten,E1,erstellung,RED,,GEN-TEXT,2026-12-22,2026-12-23,0.5,feed,S,phase,0,2026-12-28,offen,
lus-2027-SLOT-phase6-feed-E2,lus-2027-SLOT-phase6-feed,Lusatia,2027,SLOT,Grafik erzeugen und anpassen,E2,erstellung,GRA,,GEN-GRAFIK,2026-12-22,2026-12-24,1.0,feed,S,phase,0,2026-12-28,offen,
lus-2027-SLOT-phase6-feed-F1,lus-2027-SLOT-phase6-feed,Lusatia,2027,SLOT,Faktencheck,F1,freigabe,KOM,,,2026-12-24,2026-12-24,0.25,feed,S,phase,0,2026-12-28,offen,
lus-2027-SLOT-phase6-feed-F2,lus-2027-SLOT-phase6-feed,Lusatia,2027,SLOT,Redaktionsfreigabe,F2,freigabe,KOM,,,2026-12-24,2026-12-24,0.25,feed,S,phase,0,2026-12-28,offen,
lus-2027-SLOT-phase6-feed-X1,lus-2027-SLOT-phase6-feed,Lusatia,2027,SLOT,"Einplanen, Links und Markierungen prüfen",X1,posting,CM,,,2026-12-24,2026-12-24,0.25,feed,S,phase,0,2026-12-28,offen,
lus-2027-SLOT-phase6-feed-X2,lus-2027-SLOT-phase6-feed,Lusatia,2027,SLOT,Veröffentlichung kontrollieren,X2,posting,CM,,,2026-12-28,2026-12-28,0.1,feed,S,phase,0,2026-12-28,offen,
lus-2027-SLOT-phase6-feed-N1,lus-2027-SLOT-phase6-feed,Lusatia,2027,SLOT,Kommentare und Nachrichten betreuen,N1,nachbereitung,CM,,,2026-12-28,2026-12-30,0.5,feed,S,phase,0,2026-12-28,offen,
lus-2027-SLOT-phase6-feed-N2,lus-2027-SLOT-phase6-feed,Lusatia,2027,SLOT,Link und Ergebnis dokumentieren,N2,nachbereitung,CM,,,2027-01-04,2027-01-04,0.1,feed,S,phase,0,2026-12-28,offen,
lus-2027-P-WELLE-P1-feed,,Lusatia,2027,P-WELLE,Programmwelle veröffentlichen,,,KOM,,,2026-12-07,2027-01-04,10.5,feed,P,P,0,2027-01-04,offen,
lus-2027-P-WELLE-P1-feed-P1,lus-2027-P-WELLE-P1-feed,Lusatia,2027,P-WELLE,Namensliste und Briefing mit Programmteam,P1,planung,KOM,,,2026-12-07,2026-12-07,0.5,feed,P,P,0,2027-01-04,offen,
lus-2027-P-WELLE-P1-feed-P2,lus-2027-P-WELLE-P1-feed,Lusatia,2027,P-WELLE,"Embargo, Material, Accounts und Schreibweisen bei Artists einholen",P2,planung,RED,,,2026-12-07,2026-12-21,1.5,feed,P,P,0,2027-01-04,offen,
lus-2027-P-WELLE-P1-feed-E1,lus-2027-P-WELLE-P1-feed,Lusatia,2027,P-WELLE,Texte je Act erzeugen und überarbeiten,E1,erstellung,RED,,GEN-TEXT,2026-12-21,2026-12-24,2.0,feed,P,P,0,2027-01-04,offen,
lus-2027-P-WELLE-P1-feed-E2,lus-2027-P-WELLE-P1-feed,Lusatia,2027,P-WELLE,Lineup-Grafik und Einzelkacheln erstellen,E2,erstellung,GRA,,GEN-GRAFIK,2026-12-23,2026-12-24,3.0,feed,P,P,0,2027-01-04,offen,
lus-2027-P-WELLE-P1-feed-A1,lus-2027-P-WELLE-P1-feed,Lusatia,2027,P-WELLE,"Freigabe durch Artists, gemeinsame Veröffentlichung vereinbaren",A1,abstimmung,RED,,,2026-12-24,2026-12-30,1.0,feed,P,P,0,2027-01-04,offen,
lus-2027-P-WELLE-P1-feed-F1,lus-2027-P-WELLE-P1-feed,Lusatia,2027,P-WELLE,Programm-Fakten prüfen,F1,freigabe,FACH-PROG,,,2026-12-30,2026-12-31,0.25,feed,P,P,0,2027-01-04,offen,
lus-2027-P-WELLE-P1-feed-F2,lus-2027-P-WELLE-P1-feed,Lusatia,2027,P-WELLE,Redaktionsfreigabe,F2,freigabe,KOM,,,2026-12-31,2026-12-31,0.25,feed,P,P,0,2027-01-04,offen,
lus-2027-P-WELLE-P1-feed-W1,lus-2027-P-WELLE-P1-feed,Lusatia,2027,P-WELLE,Programmseite der Website vorbereiten,W1,posting,WEB,,,2026-12-31,2026-12-31,0.5,feed,P,P,0,2027-01-04,offen,
lus-2027-P-WELLE-P1-feed-X1,lus-2027-P-WELLE-P1-feed,Lusatia,2027,P-WELLE,"Einplanen, Materialpaket an Beteiligte senden",X1,posting,CM,,,2026-12-31,2026-12-31,0.5,feed,P,P,0,2027-01-04,offen,
lus-2027-P-WELLE-P1-feed-X9,lus-2027-P-WELLE-P1-feed,Lusatia,2027,P-WELLE,Story begleitend ausspielen,X9,posting,CM,,GEN-CONTENT,2027-01-04,2027-01-04,0.5,feed,P,P,0,2027-01-04,offen,
lus-2027-P-WELLE-P1-feed-N1,lus-2027-P-WELLE-P1-feed,Lusatia,2027,P-WELLE,"Kommentare betreuen, geteilte Beiträge sammeln",N1,nachbereitung,CM,,,2027-01-04,2027-01-07,0.5,feed,P,P,0,2027-01-04,offen,
lus-2027-P-WELLE-WEB-P1-website,,Lusatia,2027,P-WELLE-WEB,Website zu: Programmwelle veröffentlichen,,,KOM,,,2026-12-31,2027-01-04,1.5,website,WEB,P,0,2027-01-04,offen,
lus-2027-P-WELLE-WEB-P1-website-E1,lus-2027-P-WELLE-WEB-P1-website,Lusatia,2027,P-WELLE-WEB,Seite aktualisieren,E1,erstellung,WEB,,GEN-TEXT,2026-12-31,2026-12-31,1.0,website,WEB,P,0,2027-01-04,offen,
lus-2027-P-WELLE-WEB-P1-website-F1,lus-2027-P-WELLE-WEB-P1-website,Lusatia,2027,P-WELLE-WEB,Faktencheck,F1,freigabe,FACH-PROG,,,2026-12-31,2026-12-31,0.25,website,WEB,P,0,2027-01-04,offen,
lus-2027-P-WELLE-WEB-P1-website-X1,lus-2027-P-WELLE-WEB-P1-website,Lusatia,2027,P-WELLE-WEB,"Live schalten, Links prüfen",X1,posting,WEB,,,2027-01-04,2027-01-04,0.25,website,WEB,P,0,2027-01-04,offen,
lus-2027-P-VERTIEF-P1-feed,,Lusatia,2027,P-VERTIEF,Einzelne Acts oder Kollektive vorstellen,,,KOM,,,2026-12-31,2027-01-07,3.2,feed,S,P,3,2027-01-07,offen,
lus-2027-P-VERTIEF-P1-feed-P1,lus-2027-P-VERTIEF-P1-feed,Lusatia,2027,P-VERTIEF,"Briefing anlegen (Zielgruppe, Zweck, Kernbotschaft, Faktenquelle)",P1,planung,KOM,,,2026-12-31,2026-12-31,0.25,feed,S,P,3,2027-01-07,offen,
lus-2027-P-VERTIEF-P1-feed-E1,lus-2027-P-VERTIEF-P1-feed,Lusatia,2027,P-VERTIEF,Text erzeugen und überarbeiten,E1,erstellung,RED,,GEN-TEXT,2026-12-31,2026-12-31,0.5,feed,S,P,3,2027-01-07,offen,
lus-2027-P-VERTIEF-P1-feed-E2,lus-2027-P-VERTIEF-P1-feed,Lusatia,2027,P-VERTIEF,Grafik erzeugen und anpassen,E2,erstellung,GRA,,GEN-GRAFIK,2026-12-31,2026-12-31,1.0,feed,S,P,3,2027-01-07,offen,
lus-2027-P-VERTIEF-P1-feed-F1,lus-2027-P-VERTIEF-P1-feed,Lusatia,2027,P-VERTIEF,Faktencheck,F1,freigabe,FACH-PROG,,,2026-12-31,2027-01-04,0.25,feed,S,P,3,2027-01-07,offen,
lus-2027-P-VERTIEF-P1-feed-F2,lus-2027-P-VERTIEF-P1-feed,Lusatia,2027,P-VERTIEF,Redaktionsfreigabe,F2,freigabe,KOM,,,2027-01-04,2027-01-04,0.25,feed,S,P,3,2027-01-07,offen,
lus-2027-P-VERTIEF-P1-feed-X1,lus-2027-P-VERTIEF-P1-feed,Lusatia,2027,P-VERTIEF,"Einplanen, Links und Markierungen prüfen",X1,posting,CM,,,2027-01-06,2027-01-06,0.25,feed,S,P,3,2027-01-07,offen,
lus-2027-P-VERTIEF-P1-feed-X2,lus-2027-P-VERTIEF-P1-feed,Lusatia,2027,P-VERTIEF,Veröffentlichung kontrollieren,X2,posting,CM,,,2027-01-07,2027-01-07,0.1,feed,S,P,3,2027-01-07,offen,
lus-2027-P-VERTIEF-P1-feed-N1,lus-2027-P-VERTIEF-P1-feed,Lusatia,2027,P-VERTIEF,Kommentare und Nachrichten betreuen,N1,nachbereitung,CM,,,2027-01-07,2027-01-09,0.5,feed,S,P,3,2027-01-07,offen,
lus-2027-P-VERTIEF-P1-feed-N2,lus-2027-P-VERTIEF-P1-feed,Lusatia,2027,P-VERTIEF,Link und Ergebnis dokumentieren,N2,nachbereitung,CM,,,2027-01-14,2027-01-14,0.1,feed,S,P,3,2027-01-07,offen,
lus-2027-PRUEF-pruefpunkt4-intern,,Lusatia,2027,PRUEF,Prüfpunkt Verkauf gegen Zielpfad,,,KOM,,,2027-01-07,2027-01-07,0.5,intern,INT,pruefpunkt,0,2027-01-07,offen,
lus-2027-PRUEF-pruefpunkt4-intern-I1,lus-2027-PRUEF-pruefpunkt4-intern,Lusatia,2027,PRUEF,"Verkauf, Fragen, Reichweite prüfen; Stufe festlegen; Extras auswählen",I1,nachbereitung,KOM,,,2027-01-07,2027-01-07,0.5,intern,INT,pruefpunkt,0,2027-01-07,offen,
lus-2027-S-NL-S-NL1-newsletter,,Lusatia,2027,S-NL,Saisonnewsletter,,,KOM,,,2027-01-08,2027-01-20,4.0,newsletter,NL,S-NL,0,2027-01-20,offen,
lus-2027-S-NL-S-NL1-newsletter-P1,lus-2027-S-NL-S-NL1-newsletter,Lusatia,2027,S-NL,Thema und Empfängergruppe festlegen,P1,planung,KOM,,,2027-01-08,2027-01-08,0.25,newsletter,NL,S-NL,0,2027-01-20,offen,
lus-2027-S-NL-S-NL1-newsletter-E1,lus-2027-S-NL-S-NL1-newsletter,Lusatia,2027,S-NL,"Betreff, Vorschau und Text erzeugen und überarbeiten",E1,erstellung,RED,,GEN-TEXT,2027-01-13,2027-01-15,1.5,newsletter,NL,S-NL,0,2027-01-20,offen,
lus-2027-S-NL-S-NL1-newsletter-E2,lus-2027-S-NL-S-NL1-newsletter,Lusatia,2027,S-NL,Bilder erstellen,E2,erstellung,GRA,,GEN-GRAFIK,2027-01-14,2027-01-15,0.75,newsletter,NL,S-NL,0,2027-01-20,offen,
lus-2027-S-NL-S-NL1-newsletter-F1,lus-2027-S-NL-S-NL1-newsletter,Lusatia,2027,S-NL,Faktencheck,F1,freigabe,KOM,,,2027-01-15,2027-01-15,0.25,newsletter,NL,S-NL,0,2027-01-20,offen,
lus-2027-S-NL-S-NL1-newsletter-F2,lus-2027-S-NL-S-NL1-newsletter,Lusatia,2027,S-NL,Redaktionsfreigabe,F2,freigabe,KOM,,,2027-01-15,2027-01-15,0.25,newsletter,NL,S-NL,0,2027-01-20,offen,
lus-2027-S-NL-S-NL1-newsletter-X1,lus-2027-S-NL-S-NL1-newsletter,Lusatia,2027,S-NL,"Testversand, Links und Segment prüfen",X1,posting,RED,,,2027-01-18,2027-01-18,0.5,newsletter,NL,S-NL,0,2027-01-20,offen,
lus-2027-S-NL-S-NL1-newsletter-X2,lus-2027-S-NL-S-NL1-newsletter,Lusatia,2027,S-NL,Versand,X2,posting,RED,,,2027-01-20,2027-01-20,0.25,newsletter,NL,S-NL,0,2027-01-20,offen,
lus-2027-S-NL-S-NL1-newsletter-N1,lus-2027-S-NL-S-NL1-newsletter,Lusatia,2027,S-NL,"Klicks, Antworten, Abmeldungen auswerten",N1,nachbereitung,RED,,,2027-01-22,2027-01-22,0.25,newsletter,NL,S-NL,0,2027-01-20,offen,
lus-2027-SLOT-phase7-feed,,Lusatia,2027,SLOT,Redaktionsslot entscheidung,,,KOM,,,2027-01-18,2027-02-01,8.25,feed,M,phase,0,2027-02-01,offen,
lus-2027-SLOT-phase7-feed-P1,lus-2027-SLOT-phase7-feed,Lusatia,2027,SLOT,Briefing anlegen,P1,planung,KOM,,,2027-01-18,2027-01-18,0.5,feed,M,phase,0,2027-02-01,offen,
lus-2027-SLOT-phase7-feed-P2,lus-2027-SLOT-phase7-feed,Lusatia,2027,SLOT,Material und Beteiligte anfragen,P2,planung,RED,,,2027-01-18,2027-01-22,0.5,feed,M,phase,0,2027-02-01,offen,
lus-2027-SLOT-phase7-feed-E1,lus-2027-SLOT-phase7-feed,Lusatia,2027,SLOT,Text oder Skript erzeugen und überarbeiten,E1,erstellung,RED,,GEN-TEXT|GEN-SKRIPT,2027-01-22,2027-01-22,1.5,feed,M,phase,0,2027-02-01,offen,
lus-2027-SLOT-phase7-feed-E2,lus-2027-SLOT-phase7-feed,Lusatia,2027,SLOT,Karussell oder Schnitt erstellen,E2,erstellung,GRA,,GEN-CONTENT|GEN-GRAFIK,2027-01-22,2027-01-26,3.0,feed,M,phase,0,2027-02-01,offen,
lus-2027-SLOT-phase7-feed-A1,lus-2027-SLOT-phase7-feed,Lusatia,2027,SLOT,"Mit Beteiligten abstimmen, Collab-Einladung klären",A1,abstimmung,RED,,,2027-01-25,2027-01-27,0.75,feed,M,phase,0,2027-02-01,offen,
lus-2027-SLOT-phase7-feed-F1,lus-2027-SLOT-phase7-feed,Lusatia,2027,SLOT,Faktencheck,F1,freigabe,KOM,,,2027-01-27,2027-01-28,0.25,feed,M,phase,0,2027-02-01,offen,
lus-2027-SLOT-phase7-feed-F2,lus-2027-SLOT-phase7-feed,Lusatia,2027,SLOT,Redaktionsfreigabe,F2,freigabe,KOM,,,2027-01-29,2027-01-29,0.25,feed,M,phase,0,2027-02-01,offen,
lus-2027-SLOT-phase7-feed-X1,lus-2027-SLOT-phase7-feed,Lusatia,2027,SLOT,"Einplanen, Collab und Markierungen setzen",X1,posting,CM,,,2027-01-29,2027-01-29,0.25,feed,M,phase,0,2027-02-01,offen,
lus-2027-SLOT-phase7-feed-X2,lus-2027-SLOT-phase7-feed,Lusatia,2027,SLOT,"Veröffentlichung kontrollieren, Beteiligte informieren",X2,posting,CM,,,2027-02-01,2027-02-01,0.25,feed,M,phase,0,2027-02-01,offen,
lus-2027-SLOT-phase7-feed-N1,lus-2027-SLOT-phase7-feed,Lusatia,2027,SLOT,Kommentare und Nachrichten betreuen,N1,nachbereitung,CM,,,2027-02-01,2027-02-04,0.75,feed,M,phase,0,2027-02-01,offen,
lus-2027-SLOT-phase7-feed-N2,lus-2027-SLOT-phase7-feed,Lusatia,2027,SLOT,Link und Ergebnis dokumentieren,N2,nachbereitung,CM,,,2027-02-08,2027-02-08,0.25,feed,M,phase,0,2027-02-01,offen,
lus-2027-PRUEF-pruefpunkt5-intern,,Lusatia,2027,PRUEF,Prüfpunkt Verkauf gegen Zielpfad,,,KOM,,,2027-02-04,2027-02-04,0.5,intern,INT,pruefpunkt,0,2027-02-04,offen,
lus-2027-PRUEF-pruefpunkt5-intern-I1,lus-2027-PRUEF-pruefpunkt5-intern,Lusatia,2027,PRUEF,"Verkauf, Fragen, Reichweite prüfen; Stufe festlegen; Extras auswählen",I1,nachbereitung,KOM,,,2027-02-04,2027-02-04,0.5,intern,INT,pruefpunkt,0,2027-02-04,offen,
lus-2027-SLOT-phase8-feed,,Lusatia,2027,SLOT,Redaktionsslot orientierung,,,KOM,,,2027-02-05,2027-02-13,3.2,feed,S,phase,0,2027-02-13,offen,
lus-2027-SLOT-phase8-feed-P1,lus-2027-SLOT-phase8-feed,Lusatia,2027,SLOT,"Briefing anlegen (Zielgruppe, Zweck, Kernbotschaft, Faktenquelle)",P1,planung,KOM,,,2027-02-05,2027-02-05,0.25,feed,S,phase,0,2027-02-13,offen,
lus-2027-SLOT-phase8-feed-E1,lus-2027-SLOT-phase8-feed,Lusatia,2027,SLOT,Text erzeugen und überarbeiten,E1,erstellung,RED,,GEN-TEXT,2027-02-05,2027-02-08,0.5,feed,S,phase,0,2027-02-13,offen,
lus-2027-SLOT-phase8-feed-E2,lus-2027-SLOT-phase8-feed,Lusatia,2027,SLOT,Grafik erzeugen und anpassen,E2,erstellung,GRA,,GEN-GRAFIK,2027-02-05,2027-02-09,1.0,feed,S,phase,0,2027-02-13,offen,
lus-2027-SLOT-phase8-feed-F1,lus-2027-SLOT-phase8-feed,Lusatia,2027,SLOT,Faktencheck,F1,freigabe,KOM,,,2027-02-09,2027-02-10,0.25,feed,S,phase,0,2027-02-13,offen,
lus-2027-SLOT-phase8-feed-F2,lus-2027-SLOT-phase8-feed,Lusatia,2027,SLOT,Redaktionsfreigabe,F2,freigabe,KOM,,,2027-02-10,2027-02-10,0.25,feed,S,phase,0,2027-02-13,offen,
lus-2027-SLOT-phase8-feed-X1,lus-2027-SLOT-phase8-feed,Lusatia,2027,SLOT,"Einplanen, Links und Markierungen prüfen",X1,posting,CM,,,2027-02-12,2027-02-12,0.25,feed,S,phase,0,2027-02-13,offen,
lus-2027-SLOT-phase8-feed-X2,lus-2027-SLOT-phase8-feed,Lusatia,2027,SLOT,Veröffentlichung kontrollieren,X2,posting,CM,,,2027-02-13,2027-02-13,0.1,feed,S,phase,0,2027-02-13,offen,
lus-2027-SLOT-phase8-feed-N1,lus-2027-SLOT-phase8-feed,Lusatia,2027,SLOT,Kommentare und Nachrichten betreuen,N1,nachbereitung,CM,,,2027-02-13,2027-02-15,0.5,feed,S,phase,0,2027-02-13,offen,
lus-2027-SLOT-phase8-feed-N2,lus-2027-SLOT-phase8-feed,Lusatia,2027,SLOT,Link und Ergebnis dokumentieren,N2,nachbereitung,CM,,,2027-02-19,2027-02-19,0.1,feed,S,phase,0,2027-02-13,offen,
lus-2027-P-WELLE-P2-feed,,Lusatia,2027,P-WELLE,Programmwelle veröffentlichen,,,KOM,,,2027-01-26,2027-02-23,10.5,feed,P,P,0,2027-02-23,offen,
lus-2027-P-WELLE-P2-feed-P1,lus-2027-P-WELLE-P2-feed,Lusatia,2027,P-WELLE,Namensliste und Briefing mit Programmteam,P1,planung,KOM,,,2027-01-26,2027-01-26,0.5,feed,P,P,0,2027-02-23,offen,
lus-2027-P-WELLE-P2-feed-P2,lus-2027-P-WELLE-P2-feed,Lusatia,2027,P-WELLE,"Embargo, Material, Accounts und Schreibweisen bei Artists einholen",P2,planung,RED,,,2027-01-26,2027-02-09,1.5,feed,P,P,0,2027-02-23,offen,
lus-2027-P-WELLE-P2-feed-E1,lus-2027-P-WELLE-P2-feed,Lusatia,2027,P-WELLE,Texte je Act erzeugen und überarbeiten,E1,erstellung,RED,,GEN-TEXT,2027-02-09,2027-02-12,2.0,feed,P,P,0,2027-02-23,offen,
lus-2027-P-WELLE-P2-feed-E2,lus-2027-P-WELLE-P2-feed,Lusatia,2027,P-WELLE,Lineup-Grafik und Einzelkacheln erstellen,E2,erstellung,GRA,,GEN-GRAFIK,2027-02-11,2027-02-15,3.0,feed,P,P,0,2027-02-23,offen,
lus-2027-P-WELLE-P2-feed-A1,lus-2027-P-WELLE-P2-feed,Lusatia,2027,P-WELLE,"Freigabe durch Artists, gemeinsame Veröffentlichung vereinbaren",A1,abstimmung,RED,,,2027-02-15,2027-02-18,1.0,feed,P,P,0,2027-02-23,offen,
lus-2027-P-WELLE-P2-feed-F1,lus-2027-P-WELLE-P2-feed,Lusatia,2027,P-WELLE,Programm-Fakten prüfen,F1,freigabe,FACH-PROG,,,2027-02-18,2027-02-19,0.25,feed,P,P,0,2027-02-23,offen,
lus-2027-P-WELLE-P2-feed-F2,lus-2027-P-WELLE-P2-feed,Lusatia,2027,P-WELLE,Redaktionsfreigabe,F2,freigabe,KOM,,,2027-02-19,2027-02-19,0.25,feed,P,P,0,2027-02-23,offen,
lus-2027-P-WELLE-P2-feed-W1,lus-2027-P-WELLE-P2-feed,Lusatia,2027,P-WELLE,Programmseite der Website vorbereiten,W1,posting,WEB,,,2027-02-19,2027-02-22,0.5,feed,P,P,0,2027-02-23,offen,
lus-2027-P-WELLE-P2-feed-X1,lus-2027-P-WELLE-P2-feed,Lusatia,2027,P-WELLE,"Einplanen, Materialpaket an Beteiligte senden",X1,posting,CM,,,2027-02-22,2027-02-22,0.5,feed,P,P,0,2027-02-23,offen,
lus-2027-P-WELLE-P2-feed-X9,lus-2027-P-WELLE-P2-feed,Lusatia,2027,P-WELLE,Story begleitend ausspielen,X9,posting,CM,,GEN-CONTENT,2027-02-23,2027-02-23,0.5,feed,P,P,0,2027-02-23,offen,
lus-2027-P-WELLE-P2-feed-N1,lus-2027-P-WELLE-P2-feed,Lusatia,2027,P-WELLE,"Kommentare betreuen, geteilte Beiträge sammeln",N1,nachbereitung,CM,,,2027-02-23,2027-02-26,0.5,feed,P,P,0,2027-02-23,offen,
lus-2027-P-WELLE-WEB-P2-website,,Lusatia,2027,P-WELLE-WEB,Website zu: Programmwelle veröffentlichen,,,KOM,,,2027-02-19,2027-02-23,1.5,website,WEB,P,0,2027-02-23,offen,
lus-2027-P-WELLE-WEB-P2-website-E1,lus-2027-P-WELLE-WEB-P2-website,Lusatia,2027,P-WELLE-WEB,Seite aktualisieren,E1,erstellung,WEB,,GEN-TEXT,2027-02-19,2027-02-19,1.0,website,WEB,P,0,2027-02-23,offen,
lus-2027-P-WELLE-WEB-P2-website-F1,lus-2027-P-WELLE-WEB-P2-website,Lusatia,2027,P-WELLE-WEB,Faktencheck,F1,freigabe,FACH-PROG,,,2027-02-22,2027-02-22,0.25,website,WEB,P,0,2027-02-23,offen,
lus-2027-P-WELLE-WEB-P2-website-X1,lus-2027-P-WELLE-WEB-P2-website,Lusatia,2027,P-WELLE-WEB,"Live schalten, Links prüfen",X1,posting,WEB,,,2027-02-23,2027-02-23,0.25,website,WEB,P,0,2027-02-23,offen,
lus-2027-P-VERTIEF-P2-feed,,Lusatia,2027,P-VERTIEF,Einzelne Acts oder Kollektive vorstellen,,,KOM,,,2027-02-19,2027-02-26,3.2,feed,S,P,3,2027-02-26,offen,
lus-2027-P-VERTIEF-P2-feed-P1,lus-2027-P-VERTIEF-P2-feed,Lusatia,2027,P-VERTIEF,"Briefing anlegen (Zielgruppe, Zweck, Kernbotschaft, Faktenquelle)",P1,planung,KOM,,,2027-02-19,2027-02-19,0.25,feed,S,P,3,2027-02-26,offen,
lus-2027-P-VERTIEF-P2-feed-E1,lus-2027-P-VERTIEF-P2-feed,Lusatia,2027,P-VERTIEF,Text erzeugen und überarbeiten,E1,erstellung,RED,,GEN-TEXT,2027-02-19,2027-02-19,0.5,feed,S,P,3,2027-02-26,offen,
lus-2027-P-VERTIEF-P2-feed-E2,lus-2027-P-VERTIEF-P2-feed,Lusatia,2027,P-VERTIEF,Grafik erzeugen und anpassen,E2,erstellung,GRA,,GEN-GRAFIK,2027-02-19,2027-02-22,1.0,feed,S,P,3,2027-02-26,offen,
lus-2027-P-VERTIEF-P2-feed-F1,lus-2027-P-VERTIEF-P2-feed,Lusatia,2027,P-VERTIEF,Faktencheck,F1,freigabe,FACH-PROG,,,2027-02-22,2027-02-23,0.25,feed,S,P,3,2027-02-26,offen,
lus-2027-P-VERTIEF-P2-feed-F2,lus-2027-P-VERTIEF-P2-feed,Lusatia,2027,P-VERTIEF,Redaktionsfreigabe,F2,freigabe,KOM,,,2027-02-23,2027-02-23,0.25,feed,S,P,3,2027-02-26,offen,
lus-2027-P-VERTIEF-P2-feed-X1,lus-2027-P-VERTIEF-P2-feed,Lusatia,2027,P-VERTIEF,"Einplanen, Links und Markierungen prüfen",X1,posting,CM,,,2027-02-25,2027-02-25,0.25,feed,S,P,3,2027-02-26,offen,
lus-2027-P-VERTIEF-P2-feed-X2,lus-2027-P-VERTIEF-P2-feed,Lusatia,2027,P-VERTIEF,Veröffentlichung kontrollieren,X2,posting,CM,,,2027-02-26,2027-02-26,0.1,feed,S,P,3,2027-02-26,offen,
lus-2027-P-VERTIEF-P2-feed-N1,lus-2027-P-VERTIEF-P2-feed,Lusatia,2027,P-VERTIEF,Kommentare und Nachrichten betreuen,N1,nachbereitung,CM,,,2027-02-26,2027-02-28,0.5,feed,S,P,3,2027-02-26,offen,
lus-2027-P-VERTIEF-P2-feed-N2,lus-2027-P-VERTIEF-P2-feed,Lusatia,2027,P-VERTIEF,Link und Ergebnis dokumentieren,N2,nachbereitung,CM,,,2027-03-05,2027-03-05,0.1,feed,S,P,3,2027-02-26,offen,
lus-2027-PRUEF-pruefpunkt6-intern,,Lusatia,2027,PRUEF,Prüfpunkt Verkauf gegen Zielpfad,,,KOM,,,2027-03-04,2027-03-04,0.5,intern,INT,pruefpunkt,0,2027-03-04,offen,
lus-2027-PRUEF-pruefpunkt6-intern-I1,lus-2027-PRUEF-pruefpunkt6-intern,Lusatia,2027,PRUEF,"Verkauf, Fragen, Reichweite prüfen; Stufe festlegen; Extras auswählen",I1,nachbereitung,KOM,,,2027-03-04,2027-03-04,0.5,intern,INT,pruefpunkt,0,2027-03-04,offen,
lus-2027-AD-FRUEH-F-anzeige,,Lusatia,2027,AD-FRUEH,Anzeigen Frühjahr,,,KOM,,,2027-02-19,2027-03-05,9.75,anzeige,AD,F,-140,2027-03-05,offen,
lus-2027-AD-FRUEH-F-anzeige-P1,lus-2027-AD-FRUEH-F-anzeige,Lusatia,2027,AD-FRUEH,"Ziel, Budget, Laufzeit und Stoppregeln festlegen",P1,planung,KOM,,,2027-02-19,2027-02-19,0.5,anzeige,AD,F,-140,2027-03-05,offen,
lus-2027-AD-FRUEH-F-anzeige-E2,lus-2027-AD-FRUEH-F-anzeige,Lusatia,2027,AD-FRUEH,Textvarianten erzeugen,E2,erstellung,RED,,GEN-TEXT,2027-02-19,2027-02-24,1.0,anzeige,AD,F,-140,2027-03-05,offen,
lus-2027-AD-FRUEH-F-anzeige-E1,lus-2027-AD-FRUEH-F-anzeige,Lusatia,2027,AD-FRUEH,Motive je Einwand oder Motiv erstellen,E1,erstellung,GRA,,GEN-GRAFIK,2027-02-19,2027-02-25,2.0,anzeige,AD,F,-140,2027-03-05,offen,
lus-2027-AD-FRUEH-F-anzeige-E3,lus-2027-AD-FRUEH-F-anzeige,Lusatia,2027,AD-FRUEH,Zielgruppen und Tracking einrichten,E3,erstellung,ADS,,,2027-02-25,2027-03-01,1.0,anzeige,AD,F,-140,2027-03-05,offen,
lus-2027-AD-FRUEH-F-anzeige-F1,lus-2027-AD-FRUEH-F-anzeige,Lusatia,2027,AD-FRUEH,"Preise, Bestand und Kaufweg prüfen",F1,freigabe,FACH-TIX,,,2027-03-01,2027-03-02,0.25,anzeige,AD,F,-140,2027-03-05,offen,
lus-2027-AD-FRUEH-F-anzeige-F2,lus-2027-AD-FRUEH-F-anzeige,Lusatia,2027,AD-FRUEH,Freigabe mit Budget,F2,freigabe,KOM,,,2027-03-02,2027-03-02,0.25,anzeige,AD,F,-140,2027-03-05,offen,
lus-2027-AD-FRUEH-F-anzeige-X1,lus-2027-AD-FRUEH-F-anzeige,Lusatia,2027,AD-FRUEH,Kampagne starten,X1,posting,ADS,,,2027-03-05,2027-03-05,0.25,anzeige,AD,F,-140,2027-03-05,offen,
lus-2027-AD-FRUEH-F-anzeige-N1w1,lus-2027-AD-FRUEH-F-anzeige,Lusatia,2027,AD-FRUEH,"Wöchentliche Kontrolle, bei Ausverkauf oder falschem Preis sofort anpassen (Woche 1)",N1w1,nachbereitung,ADS,,,2027-03-12,2027-03-12,1.0,anzeige,AD,F,-140,2027-03-05,offen,
lus-2027-AD-FRUEH-F-anzeige-N1w2,lus-2027-AD-FRUEH-F-anzeige,Lusatia,2027,AD-FRUEH,"Wöchentliche Kontrolle, bei Ausverkauf oder falschem Preis sofort anpassen (Woche 2)",N1w2,nachbereitung,ADS,,,2027-03-19,2027-03-19,1.0,anzeige,AD,F,-140,2027-03-05,offen,
lus-2027-AD-FRUEH-F-anzeige-N1w3,lus-2027-AD-FRUEH-F-anzeige,Lusatia,2027,AD-FRUEH,"Wöchentliche Kontrolle, bei Ausverkauf oder falschem Preis sofort anpassen (Woche 3)",N1w3,nachbereitung,ADS,,,2027-03-25,2027-03-25,1.0,anzeige,AD,F,-140,2027-03-05,offen,
lus-2027-AD-FRUEH-F-anzeige-N1w4,lus-2027-AD-FRUEH-F-anzeige,Lusatia,2027,AD-FRUEH,"Wöchentliche Kontrolle, bei Ausverkauf oder falschem Preis sofort anpassen (Woche 4)",N1w4,nachbereitung,ADS,,,2027-04-02,2027-04-02,1.0,anzeige,AD,F,-140,2027-03-05,offen,
lus-2027-AD-FRUEH-F-anzeige-N2,lus-2027-AD-FRUEH-F-anzeige,Lusatia,2027,AD-FRUEH,Abschluss und Kosten je Ergebnis dokumentieren,N2,nachbereitung,ADS,,,2027-04-07,2027-04-07,0.5,anzeige,AD,F,-140,2027-03-05,offen,
lus-2027-SLOT-phase9-feed,,Lusatia,2027,SLOT,Festivalerlebnis (B12),,,KOM,,,2027-02-24,2027-03-10,8.25,feed,M,phase,0,2027-03-10,offen,
lus-2027-SLOT-phase9-feed-P1,lus-2027-SLOT-phase9-feed,Lusatia,2027,SLOT,Briefing anlegen,P1,planung,KOM,,,2027-02-24,2027-02-24,0.5,feed,M,phase,0,2027-03-10,offen,
lus-2027-SLOT-phase9-feed-P2,lus-2027-SLOT-phase9-feed,Lusatia,2027,SLOT,Material und Beteiligte anfragen,P2,planung,RED,,,2027-02-24,2027-02-26,0.5,feed,M,phase,0,2027-03-10,offen,
lus-2027-SLOT-phase9-feed-E1,lus-2027-SLOT-phase9-feed,Lusatia,2027,SLOT,Text oder Skript erzeugen und überarbeiten,E1,erstellung,RED,,GEN-TEXT|GEN-SKRIPT,2027-02-26,2027-03-02,1.5,feed,M,phase,0,2027-03-10,offen,
lus-2027-SLOT-phase9-feed-E2,lus-2027-SLOT-phase9-feed,Lusatia,2027,SLOT,Karussell oder Schnitt erstellen,E2,erstellung,GRA,,GEN-CONTENT|GEN-GRAFIK,2027-03-01,2027-03-04,3.0,feed,M,phase,0,2027-03-10,offen,
lus-2027-SLOT-phase9-feed-A1,lus-2027-SLOT-phase9-feed,Lusatia,2027,SLOT,"Mit Beteiligten abstimmen, Collab-Einladung klären",A1,abstimmung,RED,,,2027-03-03,2027-03-05,0.75,feed,M,phase,0,2027-03-10,offen,
lus-2027-SLOT-phase9-feed-F1,lus-2027-SLOT-phase9-feed,Lusatia,2027,SLOT,Faktencheck,F1,freigabe,KOM,,,2027-03-05,2027-03-05,0.25,feed,M,phase,0,2027-03-10,offen,
lus-2027-SLOT-phase9-feed-F2,lus-2027-SLOT-phase9-feed,Lusatia,2027,SLOT,Redaktionsfreigabe,F2,freigabe,KOM,,,2027-03-05,2027-03-05,0.25,feed,M,phase,0,2027-03-10,offen,
lus-2027-SLOT-phase9-feed-X1,lus-2027-SLOT-phase9-feed,Lusatia,2027,SLOT,"Einplanen, Collab und Markierungen setzen",X1,posting,CM,,,2027-03-09,2027-03-09,0.25,feed,M,phase,0,2027-03-10,offen,
lus-2027-SLOT-phase9-feed-X2,lus-2027-SLOT-phase9-feed,Lusatia,2027,SLOT,"Veröffentlichung kontrollieren, Beteiligte informieren",X2,posting,CM,,,2027-03-10,2027-03-10,0.25,feed,M,phase,0,2027-03-10,offen,
lus-2027-SLOT-phase9-feed-N1,lus-2027-SLOT-phase9-feed,Lusatia,2027,SLOT,Kommentare und Nachrichten betreuen,N1,nachbereitung,CM,,,2027-03-10,2027-03-13,0.75,feed,M,phase,0,2027-03-10,offen,
lus-2027-SLOT-phase9-feed-N2,lus-2027-SLOT-phase9-feed,Lusatia,2027,SLOT,Link und Ergebnis dokumentieren,N2,nachbereitung,CM,,,2027-03-17,2027-03-17,0.25,feed,M,phase,0,2027-03-10,offen,
lus-2027-S-NL-S-NL2-newsletter,,Lusatia,2027,S-NL,Saisonnewsletter,,,KOM,,,2027-03-05,2027-03-17,4.0,newsletter,NL,S-NL,0,2027-03-17,offen,
lus-2027-S-NL-S-NL2-newsletter-P1,lus-2027-S-NL-S-NL2-newsletter,Lusatia,2027,S-NL,Thema und Empfängergruppe festlegen,P1,planung,KOM,,,2027-03-05,2027-03-05,0.25,newsletter,NL,S-NL,0,2027-03-17,offen,
lus-2027-S-NL-S-NL2-newsletter-E1,lus-2027-S-NL-S-NL2-newsletter,Lusatia,2027,S-NL,"Betreff, Vorschau und Text erzeugen und überarbeiten",E1,erstellung,RED,,GEN-TEXT,2027-03-10,2027-03-12,1.5,newsletter,NL,S-NL,0,2027-03-17,offen,
lus-2027-S-NL-S-NL2-newsletter-E2,lus-2027-S-NL-S-NL2-newsletter,Lusatia,2027,S-NL,Bilder erstellen,E2,erstellung,GRA,,GEN-GRAFIK,2027-03-11,2027-03-12,0.75,newsletter,NL,S-NL,0,2027-03-17,offen,
lus-2027-S-NL-S-NL2-newsletter-F1,lus-2027-S-NL-S-NL2-newsletter,Lusatia,2027,S-NL,Faktencheck,F1,freigabe,KOM,,,2027-03-12,2027-03-12,0.25,newsletter,NL,S-NL,0,2027-03-17,offen,
lus-2027-S-NL-S-NL2-newsletter-F2,lus-2027-S-NL-S-NL2-newsletter,Lusatia,2027,S-NL,Redaktionsfreigabe,F2,freigabe,KOM,,,2027-03-12,2027-03-12,0.25,newsletter,NL,S-NL,0,2027-03-17,offen,
lus-2027-S-NL-S-NL2-newsletter-X1,lus-2027-S-NL-S-NL2-newsletter,Lusatia,2027,S-NL,"Testversand, Links und Segment prüfen",X1,posting,RED,,,2027-03-15,2027-03-15,0.5,newsletter,NL,S-NL,0,2027-03-17,offen,
lus-2027-S-NL-S-NL2-newsletter-X2,lus-2027-S-NL-S-NL2-newsletter,Lusatia,2027,S-NL,Versand,X2,posting,RED,,,2027-03-17,2027-03-17,0.25,newsletter,NL,S-NL,0,2027-03-17,offen,
lus-2027-S-NL-S-NL2-newsletter-N1,lus-2027-S-NL-S-NL2-newsletter,Lusatia,2027,S-NL,"Klicks, Antworten, Abmeldungen auswerten",N1,nachbereitung,RED,,,2027-03-19,2027-03-19,0.25,newsletter,NL,S-NL,0,2027-03-17,offen,
lus-2027-SLOT-phase10-feed,,Lusatia,2027,SLOT,Festivalerlebnis (B12),,,KOM,,,2027-03-10,2027-03-17,3.2,feed,S,phase,0,2027-03-17,offen,
lus-2027-SLOT-phase10-feed-P1,lus-2027-SLOT-phase10-feed,Lusatia,2027,SLOT,"Briefing anlegen (Zielgruppe, Zweck, Kernbotschaft, Faktenquelle)",P1,planung,KOM,,,2027-03-10,2027-03-10,0.25,feed,S,phase,0,2027-03-17,offen,
lus-2027-SLOT-phase10-feed-E1,lus-2027-SLOT-phase10-feed,Lusatia,2027,SLOT,Text erzeugen und überarbeiten,E1,erstellung,RED,,GEN-TEXT,2027-03-11,2027-03-12,0.5,feed,S,phase,0,2027-03-17,offen,
lus-2027-SLOT-phase10-feed-E2,lus-2027-SLOT-phase10-feed,Lusatia,2027,SLOT,Grafik erzeugen und anpassen,E2,erstellung,GRA,,GEN-GRAFIK,2027-03-11,2027-03-12,1.0,feed,S,phase,0,2027-03-17,offen,
lus-2027-SLOT-phase10-feed-F1,lus-2027-SLOT-phase10-feed,Lusatia,2027,SLOT,Faktencheck,F1,freigabe,KOM,,,2027-03-12,2027-03-12,0.25,feed,S,phase,0,2027-03-17,offen,
lus-2027-SLOT-phase10-feed-F2,lus-2027-SLOT-phase10-feed,Lusatia,2027,SLOT,Redaktionsfreigabe,F2,freigabe,KOM,,,2027-03-12,2027-03-12,0.25,feed,S,phase,0,2027-03-17,offen,
lus-2027-SLOT-phase10-feed-X1,lus-2027-SLOT-phase10-feed,Lusatia,2027,SLOT,"Einplanen, Links und Markierungen prüfen",X1,posting,CM,,,2027-03-16,2027-03-16,0.25,feed,S,phase,0,2027-03-17,offen,
lus-2027-SLOT-phase10-feed-X2,lus-2027-SLOT-phase10-feed,Lusatia,2027,SLOT,Veröffentlichung kontrollieren,X2,posting,CM,,,2027-03-17,2027-03-17,0.1,feed,S,phase,0,2027-03-17,offen,
lus-2027-SLOT-phase10-feed-N1,lus-2027-SLOT-phase10-feed,Lusatia,2027,SLOT,Kommentare und Nachrichten betreuen,N1,nachbereitung,CM,,,2027-03-17,2027-03-19,0.5,feed,S,phase,0,2027-03-17,offen,
lus-2027-SLOT-phase10-feed-N2,lus-2027-SLOT-phase10-feed,Lusatia,2027,SLOT,Link und Ergebnis dokumentieren,N2,nachbereitung,CM,,,2027-03-24,2027-03-24,0.1,feed,S,phase,0,2027-03-17,offen,
lus-2027-F120-VID-F-reel,,Lusatia,2027,F120-VID,Video Erlebnis,,,KOM,,,2027-02-11,2027-03-25,20.5,reel,L,F,-120,2027-03-25,offen,
lus-2027-F120-VID-F-reel-P1,lus-2027-F120-VID-F-reel,Lusatia,2027,F120-VID,Konzept und Briefing,P1,planung,KOM,,,2027-02-11,2027-02-11,1.0,reel,L,F,-120,2027-03-25,offen,
lus-2027-F120-VID-F-reel-P2,lus-2027-F120-VID-F-reel,Lusatia,2027,F120-VID,Skript mit 2 bis 3 Einstiegen erzeugen und auswählen,P2,planung,RED,,GEN-SKRIPT,2027-02-12,2027-02-18,2.0,reel,L,F,-120,2027-03-25,offen,
lus-2027-F120-VID-F-reel-P3,lus-2027-F120-VID-F-reel,Lusatia,2027,F120-VID,"Drehplanung, Termine, Einverständnisse, Musikrechte",P3,planung,VID,,,2027-02-18,2027-02-25,2.0,reel,L,F,-120,2027-03-25,offen,
lus-2027-F120-VID-F-reel-E1,lus-2027-F120-VID-F-reel,Lusatia,2027,F120-VID,Dreh,E1,erstellung,VID,,,2027-02-25,2027-03-04,6.0,reel,L,F,-120,2027-03-25,offen,
lus-2027-F120-VID-F-reel-E2,lus-2027-F120-VID-F-reel,Lusatia,2027,F120-VID,Rohschnitt,E2,erstellung,VID,,,2027-03-04,2027-03-11,5.0,reel,L,F,-120,2027-03-25,offen,
lus-2027-F120-VID-F-reel-A1,lus-2027-F120-VID-F-reel,Lusatia,2027,F120-VID,Feedback von Beteiligten einholen,A1,abstimmung,RED,,,2027-03-11,2027-03-15,1.0,reel,L,F,-120,2027-03-25,offen,
lus-2027-F120-VID-F-reel-E3,lus-2027-F120-VID-F-reel,Lusatia,2027,F120-VID,"Finalschnitt, Untertitel, Formate",E3,erstellung,VID,,,2027-03-15,2027-03-19,2.0,reel,L,F,-120,2027-03-25,offen,
lus-2027-F120-VID-F-reel-F1,lus-2027-F120-VID-F-reel,Lusatia,2027,F120-VID,"Fakten, Personen- und Musikrechte prüfen",F1,freigabe,KOM,,,2027-03-19,2027-03-19,0.5,reel,L,F,-120,2027-03-25,offen,
lus-2027-F120-VID-F-reel-F2,lus-2027-F120-VID-F-reel,Lusatia,2027,F120-VID,Redaktionsfreigabe,F2,freigabe,KOM,,,2027-03-19,2027-03-19,0.25,reel,L,F,-120,2027-03-25,offen,
lus-2027-F120-VID-F-reel-X1,lus-2027-F120-VID-F-reel,Lusatia,2027,F120-VID,Einplanen,X1,posting,CM,,,2027-03-23,2027-03-23,0.25,reel,L,F,-120,2027-03-25,offen,
lus-2027-F120-VID-F-reel-N1,lus-2027-F120-VID-F-reel,Lusatia,2027,F120-VID,"Kommentare betreuen, Ergebnis dokumentieren",N1,nachbereitung,CM,,,2027-03-25,2027-03-28,0.5,reel,L,F,-120,2027-03-25,offen,
lus-2027-SLOT-phase11-feed,,Lusatia,2027,SLOT,Kollektive und Bühnen (B06),,,KOM,,,2027-03-24,2027-03-31,3.2,feed,S,phase,0,2027-03-31,offen,
lus-2027-SLOT-phase11-feed-P1,lus-2027-SLOT-phase11-feed,Lusatia,2027,SLOT,"Briefing anlegen (Zielgruppe, Zweck, Kernbotschaft, Faktenquelle)",P1,planung,KOM,,,2027-03-24,2027-03-24,0.25,feed,S,phase,0,2027-03-31,offen,
lus-2027-SLOT-phase11-feed-E1,lus-2027-SLOT-phase11-feed,Lusatia,2027,SLOT,Text erzeugen und überarbeiten,E1,erstellung,RED,,GEN-TEXT,2027-03-25,2027-03-25,0.5,feed,S,phase,0,2027-03-31,offen,
lus-2027-SLOT-phase11-feed-E2,lus-2027-SLOT-phase11-feed,Lusatia,2027,SLOT,Grafik erzeugen und anpassen,E2,erstellung,GRA,,GEN-GRAFIK,2027-03-25,2027-03-25,1.0,feed,S,phase,0,2027-03-31,offen,
lus-2027-SLOT-phase11-feed-F1,lus-2027-SLOT-phase11-feed,Lusatia,2027,SLOT,Faktencheck,F1,freigabe,KOM,,,2027-03-25,2027-03-25,0.25,feed,S,phase,0,2027-03-31,offen,
lus-2027-SLOT-phase11-feed-F2,lus-2027-SLOT-phase11-feed,Lusatia,2027,SLOT,Redaktionsfreigabe,F2,freigabe,KOM,,,2027-03-25,2027-03-25,0.25,feed,S,phase,0,2027-03-31,offen,
lus-2027-SLOT-phase11-feed-X1,lus-2027-SLOT-phase11-feed,Lusatia,2027,SLOT,"Einplanen, Links und Markierungen prüfen",X1,posting,CM,,,2027-03-30,2027-03-30,0.25,feed,S,phase,0,2027-03-31,offen,
lus-2027-SLOT-phase11-feed-X2,lus-2027-SLOT-phase11-feed,Lusatia,2027,SLOT,Veröffentlichung kontrollieren,X2,posting,CM,,,2027-03-31,2027-03-31,0.1,feed,S,phase,0,2027-03-31,offen,
lus-2027-SLOT-phase11-feed-N1,lus-2027-SLOT-phase11-feed,Lusatia,2027,SLOT,Kommentare und Nachrichten betreuen,N1,nachbereitung,CM,,,2027-03-31,2027-04-02,0.5,feed,S,phase,0,2027-03-31,offen,
lus-2027-SLOT-phase11-feed-N2,lus-2027-SLOT-phase11-feed,Lusatia,2027,SLOT,Link und Ergebnis dokumentieren,N2,nachbereitung,CM,,,2027-04-07,2027-04-07,0.1,feed,S,phase,0,2027-03-31,offen,
lus-2027-PRUEF-pruefpunkt7-intern,,Lusatia,2027,PRUEF,Prüfpunkt Verkauf gegen Zielpfad,,,KOM,,,2027-04-01,2027-04-01,0.5,intern,INT,pruefpunkt,0,2027-04-01,offen,
lus-2027-PRUEF-pruefpunkt7-intern-I1,lus-2027-PRUEF-pruefpunkt7-intern,Lusatia,2027,PRUEF,"Verkauf, Fragen, Reichweite prüfen; Stufe festlegen; Extras auswählen",I1,nachbereitung,KOM,,,2027-04-01,2027-04-01,0.5,intern,INT,pruefpunkt,0,2027-04-01,offen,
lus-2027-SLOT-phase12-feed,,Lusatia,2027,SLOT,Rahmenprogramm (B07),,,KOM,,,2027-03-24,2027-04-07,8.25,feed,M,phase,0,2027-04-07,offen,
lus-2027-SLOT-phase12-feed-P1,lus-2027-SLOT-phase12-feed,Lusatia,2027,SLOT,Briefing anlegen,P1,planung,KOM,,,2027-03-24,2027-03-24,0.5,feed,M,phase,0,2027-04-07,offen,
lus-2027-SLOT-phase12-feed-P2,lus-2027-SLOT-phase12-feed,Lusatia,2027,SLOT,Material und Beteiligte anfragen,P2,planung,RED,,,2027-03-24,2027-03-25,0.5,feed,M,phase,0,2027-04-07,offen,
lus-2027-SLOT-phase12-feed-E1,lus-2027-SLOT-phase12-feed,Lusatia,2027,SLOT,Text oder Skript erzeugen und überarbeiten,E1,erstellung,RED,,GEN-TEXT|GEN-SKRIPT,2027-03-25,2027-03-30,1.5,feed,M,phase,0,2027-04-07,offen,
lus-2027-SLOT-phase12-feed-E2,lus-2027-SLOT-phase12-feed,Lusatia,2027,SLOT,Karussell oder Schnitt erstellen,E2,erstellung,GRA,,GEN-CONTENT|GEN-GRAFIK,2027-03-25,2027-04-01,3.0,feed,M,phase,0,2027-04-07,offen,
lus-2027-SLOT-phase12-feed-A1,lus-2027-SLOT-phase12-feed,Lusatia,2027,SLOT,"Mit Beteiligten abstimmen, Collab-Einladung klären",A1,abstimmung,RED,,,2027-03-31,2027-04-02,0.75,feed,M,phase,0,2027-04-07,offen,
lus-2027-SLOT-phase12-feed-F1,lus-2027-SLOT-phase12-feed,Lusatia,2027,SLOT,Faktencheck,F1,freigabe,KOM,,,2027-04-02,2027-04-02,0.25,feed,M,phase,0,2027-04-07,offen,
lus-2027-SLOT-phase12-feed-F2,lus-2027-SLOT-phase12-feed,Lusatia,2027,SLOT,Redaktionsfreigabe,F2,freigabe,KOM,,,2027-04-02,2027-04-02,0.25,feed,M,phase,0,2027-04-07,offen,
lus-2027-SLOT-phase12-feed-X1,lus-2027-SLOT-phase12-feed,Lusatia,2027,SLOT,"Einplanen, Collab und Markierungen setzen",X1,posting,CM,,,2027-04-06,2027-04-06,0.25,feed,M,phase,0,2027-04-07,offen,
lus-2027-SLOT-phase12-feed-X2,lus-2027-SLOT-phase12-feed,Lusatia,2027,SLOT,"Veröffentlichung kontrollieren, Beteiligte informieren",X2,posting,CM,,,2027-04-07,2027-04-07,0.25,feed,M,phase,0,2027-04-07,offen,
lus-2027-SLOT-phase12-feed-N1,lus-2027-SLOT-phase12-feed,Lusatia,2027,SLOT,Kommentare und Nachrichten betreuen,N1,nachbereitung,CM,,,2027-04-07,2027-04-10,0.75,feed,M,phase,0,2027-04-07,offen,
lus-2027-SLOT-phase12-feed-N2,lus-2027-SLOT-phase12-feed,Lusatia,2027,SLOT,Link und Ergebnis dokumentieren,N2,nachbereitung,CM,,,2027-04-14,2027-04-14,0.25,feed,M,phase,0,2027-04-07,offen,
lus-2027-P-WELLE-P3-feed,,Lusatia,2027,P-WELLE,Programmwelle veröffentlichen,,,KOM,,,2027-03-17,2027-04-14,10.5,feed,P,P,0,2027-04-14,offen,
lus-2027-P-WELLE-P3-feed-P1,lus-2027-P-WELLE-P3-feed,Lusatia,2027,P-WELLE,Namensliste und Briefing mit Programmteam,P1,planung,KOM,,,2027-03-17,2027-03-17,0.5,feed,P,P,0,2027-04-14,offen,
lus-2027-P-WELLE-P3-feed-P2,lus-2027-P-WELLE-P3-feed,Lusatia,2027,P-WELLE,"Embargo, Material, Accounts und Schreibweisen bei Artists einholen",P2,planung,RED,,,2027-03-17,2027-03-31,1.5,feed,P,P,0,2027-04-14,offen,
lus-2027-P-WELLE-P3-feed-E1,lus-2027-P-WELLE-P3-feed,Lusatia,2027,P-WELLE,Texte je Act erzeugen und überarbeiten,E1,erstellung,RED,,GEN-TEXT,2027-03-31,2027-04-02,2.0,feed,P,P,0,2027-04-14,offen,
lus-2027-P-WELLE-P3-feed-E2,lus-2027-P-WELLE-P3-feed,Lusatia,2027,P-WELLE,Lineup-Grafik und Einzelkacheln erstellen,E2,erstellung,GRA,,GEN-GRAFIK,2027-04-02,2027-04-06,3.0,feed,P,P,0,2027-04-14,offen,
lus-2027-P-WELLE-P3-feed-A1,lus-2027-P-WELLE-P3-feed,Lusatia,2027,P-WELLE,"Freigabe durch Artists, gemeinsame Veröffentlichung vereinbaren",A1,abstimmung,RED,,,2027-04-06,2027-04-09,1.0,feed,P,P,0,2027-04-14,offen,
lus-2027-P-WELLE-P3-feed-F1,lus-2027-P-WELLE-P3-feed,Lusatia,2027,P-WELLE,Programm-Fakten prüfen,F1,freigabe,FACH-PROG,,,2027-04-09,2027-04-09,0.25,feed,P,P,0,2027-04-14,offen,
lus-2027-P-WELLE-P3-feed-F2,lus-2027-P-WELLE-P3-feed,Lusatia,2027,P-WELLE,Redaktionsfreigabe,F2,freigabe,KOM,,,2027-04-09,2027-04-09,0.25,feed,P,P,0,2027-04-14,offen,
lus-2027-P-WELLE-P3-feed-W1,lus-2027-P-WELLE-P3-feed,Lusatia,2027,P-WELLE,Programmseite der Website vorbereiten,W1,posting,WEB,,,2027-04-12,2027-04-13,0.5,feed,P,P,0,2027-04-14,offen,
lus-2027-P-WELLE-P3-feed-X1,lus-2027-P-WELLE-P3-feed,Lusatia,2027,P-WELLE,"Einplanen, Materialpaket an Beteiligte senden",X1,posting,CM,,,2027-04-13,2027-04-13,0.5,feed,P,P,0,2027-04-14,offen,
lus-2027-P-WELLE-P3-feed-X9,lus-2027-P-WELLE-P3-feed,Lusatia,2027,P-WELLE,Story begleitend ausspielen,X9,posting,CM,,GEN-CONTENT,2027-04-14,2027-04-14,0.5,feed,P,P,0,2027-04-14,offen,
lus-2027-P-WELLE-P3-feed-N1,lus-2027-P-WELLE-P3-feed,Lusatia,2027,P-WELLE,"Kommentare betreuen, geteilte Beiträge sammeln",N1,nachbereitung,CM,,,2027-04-14,2027-04-17,0.5,feed,P,P,0,2027-04-14,offen,
lus-2027-P-WELLE-WEB-P3-website,,Lusatia,2027,P-WELLE-WEB,Website zu: Programmwelle veröffentlichen,,,KOM,,,2027-04-09,2027-04-14,1.5,website,WEB,P,0,2027-04-14,offen,
lus-2027-P-WELLE-WEB-P3-website-E1,lus-2027-P-WELLE-WEB-P3-website,Lusatia,2027,P-WELLE-WEB,Seite aktualisieren,E1,erstellung,WEB,,GEN-TEXT,2027-04-09,2027-04-12,1.0,website,WEB,P,0,2027-04-14,offen,
lus-2027-P-WELLE-WEB-P3-website-F1,lus-2027-P-WELLE-WEB-P3-website,Lusatia,2027,P-WELLE-WEB,Faktencheck,F1,freigabe,FACH-PROG,,,2027-04-13,2027-04-13,0.25,website,WEB,P,0,2027-04-14,offen,
lus-2027-P-WELLE-WEB-P3-website-X1,lus-2027-P-WELLE-WEB-P3-website,Lusatia,2027,P-WELLE-WEB,"Live schalten, Links prüfen",X1,posting,WEB,,,2027-04-14,2027-04-14,0.25,website,WEB,P,0,2027-04-14,offen,
lus-2027-P-VERTIEF-P3-feed,,Lusatia,2027,P-VERTIEF,Einzelne Acts oder Kollektive vorstellen,,,KOM,,,2027-04-09,2027-04-17,3.2,feed,S,P,3,2027-04-17,offen,
lus-2027-P-VERTIEF-P3-feed-P1,lus-2027-P-VERTIEF-P3-feed,Lusatia,2027,P-VERTIEF,"Briefing anlegen (Zielgruppe, Zweck, Kernbotschaft, Faktenquelle)",P1,planung,KOM,,,2027-04-09,2027-04-09,0.25,feed,S,P,3,2027-04-17,offen,
lus-2027-P-VERTIEF-P3-feed-E1,lus-2027-P-VERTIEF-P3-feed,Lusatia,2027,P-VERTIEF,Text erzeugen und überarbeiten,E1,erstellung,RED,,GEN-TEXT,2027-04-09,2027-04-12,0.5,feed,S,P,3,2027-04-17,offen,
lus-2027-P-VERTIEF-P3-feed-E2,lus-2027-P-VERTIEF-P3-feed,Lusatia,2027,P-VERTIEF,Grafik erzeugen und anpassen,E2,erstellung,GRA,,GEN-GRAFIK,2027-04-09,2027-04-13,1.0,feed,S,P,3,2027-04-17,offen,
lus-2027-P-VERTIEF-P3-feed-F1,lus-2027-P-VERTIEF-P3-feed,Lusatia,2027,P-VERTIEF,Faktencheck,F1,freigabe,FACH-PROG,,,2027-04-13,2027-04-14,0.25,feed,S,P,3,2027-04-17,offen,
lus-2027-P-VERTIEF-P3-feed-F2,lus-2027-P-VERTIEF-P3-feed,Lusatia,2027,P-VERTIEF,Redaktionsfreigabe,F2,freigabe,KOM,,,2027-04-14,2027-04-14,0.25,feed,S,P,3,2027-04-17,offen,
lus-2027-P-VERTIEF-P3-feed-X1,lus-2027-P-VERTIEF-P3-feed,Lusatia,2027,P-VERTIEF,"Einplanen, Links und Markierungen prüfen",X1,posting,CM,,,2027-04-16,2027-04-16,0.25,feed,S,P,3,2027-04-17,offen,
lus-2027-P-VERTIEF-P3-feed-X2,lus-2027-P-VERTIEF-P3-feed,Lusatia,2027,P-VERTIEF,Veröffentlichung kontrollieren,X2,posting,CM,,,2027-04-17,2027-04-17,0.1,feed,S,P,3,2027-04-17,offen,
lus-2027-P-VERTIEF-P3-feed-N1,lus-2027-P-VERTIEF-P3-feed,Lusatia,2027,P-VERTIEF,Kommentare und Nachrichten betreuen,N1,nachbereitung,CM,,,2027-04-17,2027-04-19,0.5,feed,S,P,3,2027-04-17,offen,
lus-2027-P-VERTIEF-P3-feed-N2,lus-2027-P-VERTIEF-P3-feed,Lusatia,2027,P-VERTIEF,Link und Ergebnis dokumentieren,N2,nachbereitung,CM,,,2027-04-23,2027-04-23,0.1,feed,S,P,3,2027-04-17,offen,
lus-2027-F90-NL-F-newsletter,,Lusatia,2027,F90-NL,Newsletter Planung und Aufenthalt,,,KOM,,,2027-04-14,2027-04-24,4.0,newsletter,NL,F,-90,2027-04-24,offen,
lus-2027-F90-NL-F-newsletter-P1,lus-2027-F90-NL-F-newsletter,Lusatia,2027,F90-NL,Thema und Empfängergruppe festlegen,P1,planung,KOM,,,2027-04-14,2027-04-14,0.25,newsletter,NL,F,-90,2027-04-24,offen,
lus-2027-F90-NL-F-newsletter-E1,lus-2027-F90-NL-F-newsletter,Lusatia,2027,F90-NL,"Betreff, Vorschau und Text erzeugen und überarbeiten",E1,erstellung,RED,,GEN-TEXT,2027-04-16,2027-04-19,1.5,newsletter,NL,F,-90,2027-04-24,offen,
lus-2027-F90-NL-F-newsletter-E2,lus-2027-F90-NL-F-newsletter,Lusatia,2027,F90-NL,Bilder erstellen,E2,erstellung,GRA,,GEN-GRAFIK,2027-04-16,2027-04-20,0.75,newsletter,NL,F,-90,2027-04-24,offen,
lus-2027-F90-NL-F-newsletter-F1,lus-2027-F90-NL-F-newsletter,Lusatia,2027,F90-NL,Faktencheck,F1,freigabe,FACH-BETR,,,2027-04-20,2027-04-21,0.25,newsletter,NL,F,-90,2027-04-24,offen,
lus-2027-F90-NL-F-newsletter-F2,lus-2027-F90-NL-F-newsletter,Lusatia,2027,F90-NL,Redaktionsfreigabe,F2,freigabe,KOM,,,2027-04-21,2027-04-21,0.25,newsletter,NL,F,-90,2027-04-24,offen,
lus-2027-F90-NL-F-newsletter-X1,lus-2027-F90-NL-F-newsletter,Lusatia,2027,F90-NL,"Testversand, Links und Segment prüfen",X1,posting,RED,,,2027-04-22,2027-04-22,0.5,newsletter,NL,F,-90,2027-04-24,offen,
lus-2027-F90-NL-F-newsletter-X2,lus-2027-F90-NL-F-newsletter,Lusatia,2027,F90-NL,Versand,X2,posting,RED,,,2027-04-23,2027-04-23,0.25,newsletter,NL,F,-90,2027-04-24,offen,
lus-2027-F90-NL-F-newsletter-N1,lus-2027-F90-NL-F-newsletter,Lusatia,2027,F90-NL,"Klicks, Antworten, Abmeldungen auswerten",N1,nachbereitung,RED,,,2027-04-27,2027-04-27,0.25,newsletter,NL,F,-90,2027-04-24,offen,
lus-2027-PRUEF-pruefpunkt8-intern,,Lusatia,2027,PRUEF,Prüfpunkt Verkauf gegen Zielpfad,,,KOM,,,2027-04-23,2027-04-23,0.5,intern,INT,pruefpunkt,0,2027-04-24,offen,
lus-2027-PRUEF-pruefpunkt8-intern-I1,lus-2027-PRUEF-pruefpunkt8-intern,Lusatia,2027,PRUEF,"Verkauf, Fragen, Reichweite prüfen; Stufe festlegen; Extras auswählen",I1,nachbereitung,KOM,,,2027-04-23,2027-04-23,0.5,intern,INT,pruefpunkt,0,2027-04-24,offen,
lus-2027-S-NL-S-NL3-newsletter,,Lusatia,2027,S-NL,Saisonnewsletter,,,KOM,,,2027-04-16,2027-04-28,4.0,newsletter,NL,S-NL,0,2027-04-28,offen,
lus-2027-S-NL-S-NL3-newsletter-P1,lus-2027-S-NL-S-NL3-newsletter,Lusatia,2027,S-NL,Thema und Empfängergruppe festlegen,P1,planung,KOM,,,2027-04-16,2027-04-16,0.25,newsletter,NL,S-NL,0,2027-04-28,offen,
lus-2027-S-NL-S-NL3-newsletter-E1,lus-2027-S-NL-S-NL3-newsletter,Lusatia,2027,S-NL,"Betreff, Vorschau und Text erzeugen und überarbeiten",E1,erstellung,RED,,GEN-TEXT,2027-04-21,2027-04-23,1.5,newsletter,NL,S-NL,0,2027-04-28,offen,
lus-2027-S-NL-S-NL3-newsletter-E2,lus-2027-S-NL-S-NL3-newsletter,Lusatia,2027,S-NL,Bilder erstellen,E2,erstellung,GRA,,GEN-GRAFIK,2027-04-22,2027-04-23,0.75,newsletter,NL,S-NL,0,2027-04-28,offen,
lus-2027-S-NL-S-NL3-newsletter-F1,lus-2027-S-NL-S-NL3-newsletter,Lusatia,2027,S-NL,Faktencheck,F1,freigabe,KOM,,,2027-04-23,2027-04-23,0.25,newsletter,NL,S-NL,0,2027-04-28,offen,
lus-2027-S-NL-S-NL3-newsletter-F2,lus-2027-S-NL-S-NL3-newsletter,Lusatia,2027,S-NL,Redaktionsfreigabe,F2,freigabe,KOM,,,2027-04-23,2027-04-23,0.25,newsletter,NL,S-NL,0,2027-04-28,offen,
lus-2027-S-NL-S-NL3-newsletter-X1,lus-2027-S-NL-S-NL3-newsletter,Lusatia,2027,S-NL,"Testversand, Links und Segment prüfen",X1,posting,RED,,,2027-04-26,2027-04-26,0.5,newsletter,NL,S-NL,0,2027-04-28,offen,
lus-2027-S-NL-S-NL3-newsletter-X2,lus-2027-S-NL-S-NL3-newsletter,Lusatia,2027,S-NL,Versand,X2,posting,RED,,,2027-04-28,2027-04-28,0.25,newsletter,NL,S-NL,0,2027-04-28,offen,
lus-2027-S-NL-S-NL3-newsletter-N1,lus-2027-S-NL-S-NL3-newsletter,Lusatia,2027,S-NL,"Klicks, Antworten, Abmeldungen auswerten",N1,nachbereitung,RED,,,2027-04-30,2027-04-30,0.25,newsletter,NL,S-NL,0,2027-04-28,offen,
lus-2027-SLOT-phase13-feed,,Lusatia,2027,SLOT,"Camping, Camper, Glamping (B09)",,,KOM,,,2027-04-21,2027-04-28,3.2,feed,S,phase,0,2027-04-28,offen,
lus-2027-SLOT-phase13-feed-P1,lus-2027-SLOT-phase13-feed,Lusatia,2027,SLOT,"Briefing anlegen (Zielgruppe, Zweck, Kernbotschaft, Faktenquelle)",P1,planung,KOM,,,2027-04-21,2027-04-21,0.25,feed,S,phase,0,2027-04-28,offen,
lus-2027-SLOT-phase13-feed-E1,lus-2027-SLOT-phase13-feed,Lusatia,2027,SLOT,Text erzeugen und überarbeiten,E1,erstellung,RED,,GEN-TEXT,2027-04-22,2027-04-23,0.5,feed,S,phase,0,2027-04-28,offen,
lus-2027-SLOT-phase13-feed-E2,lus-2027-SLOT-phase13-feed,Lusatia,2027,SLOT,Grafik erzeugen und anpassen,E2,erstellung,GRA,,GEN-GRAFIK,2027-04-22,2027-04-23,1.0,feed,S,phase,0,2027-04-28,offen,
lus-2027-SLOT-phase13-feed-F1,lus-2027-SLOT-phase13-feed,Lusatia,2027,SLOT,Faktencheck,F1,freigabe,KOM,,,2027-04-23,2027-04-23,0.25,feed,S,phase,0,2027-04-28,offen,
lus-2027-SLOT-phase13-feed-F2,lus-2027-SLOT-phase13-feed,Lusatia,2027,SLOT,Redaktionsfreigabe,F2,freigabe,KOM,,,2027-04-23,2027-04-23,0.25,feed,S,phase,0,2027-04-28,offen,
lus-2027-SLOT-phase13-feed-X1,lus-2027-SLOT-phase13-feed,Lusatia,2027,SLOT,"Einplanen, Links und Markierungen prüfen",X1,posting,CM,,,2027-04-27,2027-04-27,0.25,feed,S,phase,0,2027-04-28,offen,
lus-2027-SLOT-phase13-feed-X2,lus-2027-SLOT-phase13-feed,Lusatia,2027,SLOT,Veröffentlichung kontrollieren,X2,posting,CM,,,2027-04-28,2027-04-28,0.1,feed,S,phase,0,2027-04-28,offen,
lus-2027-SLOT-phase13-feed-N1,lus-2027-SLOT-phase13-feed,Lusatia,2027,SLOT,Kommentare und Nachrichten betreuen,N1,nachbereitung,CM,,,2027-04-28,2027-04-30,0.5,feed,S,phase,0,2027-04-28,offen,
lus-2027-SLOT-phase13-feed-N2,lus-2027-SLOT-phase13-feed,Lusatia,2027,SLOT,Link und Ergebnis dokumentieren,N2,nachbereitung,CM,,,2027-05-05,2027-05-05,0.1,feed,S,phase,0,2027-04-28,offen,
lus-2027-SLOT-phase14-feed,,Lusatia,2027,SLOT,Artistporträts und Musik (B11),,,KOM,,,2027-04-21,2027-05-05,8.25,feed,M,phase,0,2027-05-05,offen,
lus-2027-SLOT-phase14-feed-P1,lus-2027-SLOT-phase14-feed,Lusatia,2027,SLOT,Briefing anlegen,P1,planung,KOM,,,2027-04-21,2027-04-21,0.5,feed,M,phase,0,2027-05-05,offen,
lus-2027-SLOT-phase14-feed-P2,lus-2027-SLOT-phase14-feed,Lusatia,2027,SLOT,Material und Beteiligte anfragen,P2,planung,RED,,,2027-04-21,2027-04-23,0.5,feed,M,phase,0,2027-05-05,offen,
lus-2027-SLOT-phase14-feed-E1,lus-2027-SLOT-phase14-feed,Lusatia,2027,SLOT,Text oder Skript erzeugen und überarbeiten,E1,erstellung,RED,,GEN-TEXT|GEN-SKRIPT,2027-04-23,2027-04-27,1.5,feed,M,phase,0,2027-05-05,offen,
lus-2027-SLOT-phase14-feed-E2,lus-2027-SLOT-phase14-feed,Lusatia,2027,SLOT,Karussell oder Schnitt erstellen,E2,erstellung,GRA,,GEN-CONTENT|GEN-GRAFIK,2027-04-26,2027-04-29,3.0,feed,M,phase,0,2027-05-05,offen,
lus-2027-SLOT-phase14-feed-A1,lus-2027-SLOT-phase14-feed,Lusatia,2027,SLOT,"Mit Beteiligten abstimmen, Collab-Einladung klären",A1,abstimmung,RED,,,2027-04-28,2027-04-30,0.75,feed,M,phase,0,2027-05-05,offen,
lus-2027-SLOT-phase14-feed-F1,lus-2027-SLOT-phase14-feed,Lusatia,2027,SLOT,Faktencheck,F1,freigabe,KOM,,,2027-04-30,2027-04-30,0.25,feed,M,phase,0,2027-05-05,offen,
lus-2027-SLOT-phase14-feed-F2,lus-2027-SLOT-phase14-feed,Lusatia,2027,SLOT,Redaktionsfreigabe,F2,freigabe,KOM,,,2027-04-30,2027-04-30,0.25,feed,M,phase,0,2027-05-05,offen,
lus-2027-SLOT-phase14-feed-X1,lus-2027-SLOT-phase14-feed,Lusatia,2027,SLOT,"Einplanen, Collab und Markierungen setzen",X1,posting,CM,,,2027-05-04,2027-05-04,0.25,feed,M,phase,0,2027-05-05,offen,
lus-2027-SLOT-phase14-feed-X2,lus-2027-SLOT-phase14-feed,Lusatia,2027,SLOT,"Veröffentlichung kontrollieren, Beteiligte informieren",X2,posting,CM,,,2027-05-05,2027-05-05,0.25,feed,M,phase,0,2027-05-05,offen,
lus-2027-SLOT-phase14-feed-N1,lus-2027-SLOT-phase14-feed,Lusatia,2027,SLOT,Kommentare und Nachrichten betreuen,N1,nachbereitung,CM,,,2027-05-05,2027-05-08,0.75,feed,M,phase,0,2027-05-05,offen,
lus-2027-SLOT-phase14-feed-N2,lus-2027-SLOT-phase14-feed,Lusatia,2027,SLOT,Link und Ergebnis dokumentieren,N2,nachbereitung,CM,,,2027-05-12,2027-05-12,0.25,feed,M,phase,0,2027-05-05,offen,
lus-2027-F75-VID-F-reel,,Lusatia,2027,F75-VID,Video Menschen,,,KOM,,,2027-03-25,2027-05-09,20.5,reel,L,F,-75,2027-05-09,offen,
lus-2027-F75-VID-F-reel-P1,lus-2027-F75-VID-F-reel,Lusatia,2027,F75-VID,Konzept und Briefing,P1,planung,KOM,,,2027-03-25,2027-03-25,1.0,reel,L,F,-75,2027-05-09,offen,
lus-2027-F75-VID-F-reel-P2,lus-2027-F75-VID-F-reel,Lusatia,2027,F75-VID,Skript mit 2 bis 3 Einstiegen erzeugen und auswählen,P2,planung,RED,,GEN-SKRIPT,2027-03-30,2027-04-02,2.0,reel,L,F,-75,2027-05-09,offen,
lus-2027-F75-VID-F-reel-P3,lus-2027-F75-VID-F-reel,Lusatia,2027,F75-VID,"Drehplanung, Termine, Einverständnisse, Musikrechte",P3,planung,VID,,,2027-04-02,2027-04-09,2.0,reel,L,F,-75,2027-05-09,offen,
lus-2027-F75-VID-F-reel-E1,lus-2027-F75-VID-F-reel,Lusatia,2027,F75-VID,Dreh,E1,erstellung,VID,,,2027-04-09,2027-04-16,6.0,reel,L,F,-75,2027-05-09,offen,
lus-2027-F75-VID-F-reel-E2,lus-2027-F75-VID-F-reel,Lusatia,2027,F75-VID,Rohschnitt,E2,erstellung,VID,,,2027-04-16,2027-04-23,5.0,reel,L,F,-75,2027-05-09,offen,
lus-2027-F75-VID-F-reel-A1,lus-2027-F75-VID-F-reel,Lusatia,2027,F75-VID,Feedback von Beteiligten einholen,A1,abstimmung,RED,,,2027-04-23,2027-04-29,1.0,reel,L,F,-75,2027-05-09,offen,
lus-2027-F75-VID-F-reel-E3,lus-2027-F75-VID-F-reel,Lusatia,2027,F75-VID,"Finalschnitt, Untertitel, Formate",E3,erstellung,VID,,,2027-04-29,2027-05-03,2.0,reel,L,F,-75,2027-05-09,offen,
lus-2027-F75-VID-F-reel-F1,lus-2027-F75-VID-F-reel,Lusatia,2027,F75-VID,"Fakten, Personen- und Musikrechte prüfen",F1,freigabe,KOM,,,2027-05-03,2027-05-04,0.5,reel,L,F,-75,2027-05-09,offen,
lus-2027-F75-VID-F-reel-F2,lus-2027-F75-VID-F-reel,Lusatia,2027,F75-VID,Redaktionsfreigabe,F2,freigabe,KOM,,,2027-05-04,2027-05-04,0.25,reel,L,F,-75,2027-05-09,offen,
lus-2027-F75-VID-F-reel-X1,lus-2027-F75-VID-F-reel,Lusatia,2027,F75-VID,Einplanen,X1,posting,CM,,,2027-05-07,2027-05-07,0.25,reel,L,F,-75,2027-05-09,offen,
lus-2027-F75-VID-F-reel-N1,lus-2027-F75-VID-F-reel,Lusatia,2027,F75-VID,"Kommentare betreuen, Ergebnis dokumentieren",N1,nachbereitung,CM,,,2027-05-09,2027-05-12,0.5,reel,L,F,-75,2027-05-09,offen,
lus-2027-SLOT-phase15-feed,,Lusatia,2027,SLOT,Kollektive und Bühnen (B06),,,KOM,,,2027-05-12,2027-05-19,3.2,feed,S,phase,0,2027-05-19,offen,
lus-2027-SLOT-phase15-feed-P1,lus-2027-SLOT-phase15-feed,Lusatia,2027,SLOT,"Briefing anlegen (Zielgruppe, Zweck, Kernbotschaft, Faktenquelle)",P1,planung,KOM,,,2027-05-12,2027-05-12,0.25,feed,S,phase,0,2027-05-19,offen,
lus-2027-SLOT-phase15-feed-E1,lus-2027-SLOT-phase15-feed,Lusatia,2027,SLOT,Text erzeugen und überarbeiten,E1,erstellung,RED,,GEN-TEXT,2027-05-13,2027-05-14,0.5,feed,S,phase,0,2027-05-19,offen,
lus-2027-SLOT-phase15-feed-E2,lus-2027-SLOT-phase15-feed,Lusatia,2027,SLOT,Grafik erzeugen und anpassen,E2,erstellung,GRA,,GEN-GRAFIK,2027-05-13,2027-05-14,1.0,feed,S,phase,0,2027-05-19,offen,
lus-2027-SLOT-phase15-feed-F1,lus-2027-SLOT-phase15-feed,Lusatia,2027,SLOT,Faktencheck,F1,freigabe,KOM,,,2027-05-14,2027-05-14,0.25,feed,S,phase,0,2027-05-19,offen,
lus-2027-SLOT-phase15-feed-F2,lus-2027-SLOT-phase15-feed,Lusatia,2027,SLOT,Redaktionsfreigabe,F2,freigabe,KOM,,,2027-05-14,2027-05-14,0.25,feed,S,phase,0,2027-05-19,offen,
lus-2027-SLOT-phase15-feed-X1,lus-2027-SLOT-phase15-feed,Lusatia,2027,SLOT,"Einplanen, Links und Markierungen prüfen",X1,posting,CM,,,2027-05-18,2027-05-18,0.25,feed,S,phase,0,2027-05-19,offen,
lus-2027-SLOT-phase15-feed-X2,lus-2027-SLOT-phase15-feed,Lusatia,2027,SLOT,Veröffentlichung kontrollieren,X2,posting,CM,,,2027-05-19,2027-05-19,0.1,feed,S,phase,0,2027-05-19,offen,
lus-2027-SLOT-phase15-feed-N1,lus-2027-SLOT-phase15-feed,Lusatia,2027,SLOT,Kommentare und Nachrichten betreuen,N1,nachbereitung,CM,,,2027-05-19,2027-05-21,0.5,feed,S,phase,0,2027-05-19,offen,
lus-2027-SLOT-phase15-feed-N2,lus-2027-SLOT-phase15-feed,Lusatia,2027,SLOT,Link und Ergebnis dokumentieren,N2,nachbereitung,CM,,,2027-05-26,2027-05-26,0.1,feed,S,phase,0,2027-05-19,offen,
lus-2027-AD-FINAL-F-anzeige,,Lusatia,2027,AD-FINAL,Anzeigen Abschluss,,,KOM,,,2027-05-10,2027-05-24,12.75,anzeige,AD,F,-60,2027-05-24,offen,
lus-2027-AD-FINAL-F-anzeige-P1,lus-2027-AD-FINAL-F-anzeige,Lusatia,2027,AD-FINAL,"Ziel, Budget, Laufzeit und Stoppregeln festlegen",P1,planung,KOM,,,2027-05-10,2027-05-10,0.5,anzeige,AD,F,-60,2027-05-24,offen,
lus-2027-AD-FINAL-F-anzeige-E1,lus-2027-AD-FINAL-F-anzeige,Lusatia,2027,AD-FINAL,Motive je Einwand oder Motiv erstellen,E1,erstellung,GRA,,GEN-GRAFIK,2027-05-12,2027-05-14,2.0,anzeige,AD,F,-60,2027-05-24,offen,
lus-2027-AD-FINAL-F-anzeige-E2,lus-2027-AD-FINAL-F-anzeige,Lusatia,2027,AD-FINAL,Textvarianten erzeugen,E2,erstellung,RED,,GEN-TEXT,2027-05-12,2027-05-14,1.0,anzeige,AD,F,-60,2027-05-24,offen,
lus-2027-AD-FINAL-F-anzeige-E3,lus-2027-AD-FINAL-F-anzeige,Lusatia,2027,AD-FINAL,Zielgruppen und Tracking einrichten,E3,erstellung,ADS,,,2027-05-14,2027-05-20,1.0,anzeige,AD,F,-60,2027-05-24,offen,
lus-2027-AD-FINAL-F-anzeige-F1,lus-2027-AD-FINAL-F-anzeige,Lusatia,2027,AD-FINAL,"Preise, Bestand und Kaufweg prüfen",F1,freigabe,FACH-TIX,,,2027-05-20,2027-05-21,0.25,anzeige,AD,F,-60,2027-05-24,offen,
lus-2027-AD-FINAL-F-anzeige-F2,lus-2027-AD-FINAL-F-anzeige,Lusatia,2027,AD-FINAL,Freigabe mit Budget,F2,freigabe,KOM,,,2027-05-21,2027-05-21,0.25,anzeige,AD,F,-60,2027-05-24,offen,
lus-2027-AD-FINAL-F-anzeige-X1,lus-2027-AD-FINAL-F-anzeige,Lusatia,2027,AD-FINAL,Kampagne starten,X1,posting,ADS,,,2027-05-24,2027-05-24,0.25,anzeige,AD,F,-60,2027-05-24,offen,
lus-2027-AD-FINAL-F-anzeige-N1w1,lus-2027-AD-FINAL-F-anzeige,Lusatia,2027,AD-FINAL,"Wöchentliche Kontrolle, bei Ausverkauf oder falschem Preis sofort anpassen (Woche 1)",N1w1,nachbereitung,ADS,,,2027-05-31,2027-05-31,1.0,anzeige,AD,F,-60,2027-05-24,offen,
lus-2027-AD-FINAL-F-anzeige-N1w2,lus-2027-AD-FINAL-F-anzeige,Lusatia,2027,AD-FINAL,"Wöchentliche Kontrolle, bei Ausverkauf oder falschem Preis sofort anpassen (Woche 2)",N1w2,nachbereitung,ADS,,,2027-06-07,2027-06-07,1.0,anzeige,AD,F,-60,2027-05-24,offen,
lus-2027-AD-FINAL-F-anzeige-N1w3,lus-2027-AD-FINAL-F-anzeige,Lusatia,2027,AD-FINAL,"Wöchentliche Kontrolle, bei Ausverkauf oder falschem Preis sofort anpassen (Woche 3)",N1w3,nachbereitung,ADS,,,2027-06-14,2027-06-14,1.0,anzeige,AD,F,-60,2027-05-24,offen,
lus-2027-AD-FINAL-F-anzeige-N1w4,lus-2027-AD-FINAL-F-anzeige,Lusatia,2027,AD-FINAL,"Wöchentliche Kontrolle, bei Ausverkauf oder falschem Preis sofort anpassen (Woche 4)",N1w4,nachbereitung,ADS,,,2027-06-21,2027-06-21,1.0,anzeige,AD,F,-60,2027-05-24,offen,
lus-2027-AD-FINAL-F-anzeige-N1w5,lus-2027-AD-FINAL-F-anzeige,Lusatia,2027,AD-FINAL,"Wöchentliche Kontrolle, bei Ausverkauf oder falschem Preis sofort anpassen (Woche 5)",N1w5,nachbereitung,ADS,,,2027-06-28,2027-06-28,1.0,anzeige,AD,F,-60,2027-05-24,offen,
lus-2027-AD-FINAL-F-anzeige-N1w6,lus-2027-AD-FINAL-F-anzeige,Lusatia,2027,AD-FINAL,"Wöchentliche Kontrolle, bei Ausverkauf oder falschem Preis sofort anpassen (Woche 6)",N1w6,nachbereitung,ADS,,,2027-07-05,2027-07-05,1.0,anzeige,AD,F,-60,2027-05-24,offen,
lus-2027-AD-FINAL-F-anzeige-N1w7,lus-2027-AD-FINAL-F-anzeige,Lusatia,2027,AD-FINAL,"Wöchentliche Kontrolle, bei Ausverkauf oder falschem Preis sofort anpassen (Woche 7)",N1w7,nachbereitung,ADS,,,2027-07-12,2027-07-12,1.0,anzeige,AD,F,-60,2027-05-24,offen,
lus-2027-AD-FINAL-F-anzeige-N2,lus-2027-AD-FINAL-F-anzeige,Lusatia,2027,AD-FINAL,Abschluss und Kosten je Ergebnis dokumentieren,N2,nachbereitung,ADS,,,2027-07-16,2027-07-16,0.5,anzeige,AD,F,-60,2027-05-24,offen,
lus-2027-F60-NL-F-newsletter,,Lusatia,2027,F60-NL,Newsletter Entscheidungshilfe,,,KOM,,,2027-05-14,2027-05-24,4.0,newsletter,NL,F,-60,2027-05-24,offen,
lus-2027-F60-NL-F-newsletter-P1,lus-2027-F60-NL-F-newsletter,Lusatia,2027,F60-NL,Thema und Empfängergruppe festlegen,P1,planung,KOM,,,2027-05-14,2027-05-14,0.25,newsletter,NL,F,-60,2027-05-24,offen,
lus-2027-F60-NL-F-newsletter-E1,lus-2027-F60-NL-F-newsletter,Lusatia,2027,F60-NL,"Betreff, Vorschau und Text erzeugen und überarbeiten",E1,erstellung,RED,,GEN-TEXT,2027-05-14,2027-05-19,1.5,newsletter,NL,F,-60,2027-05-24,offen,
lus-2027-F60-NL-F-newsletter-E2,lus-2027-F60-NL-F-newsletter,Lusatia,2027,F60-NL,Bilder erstellen,E2,erstellung,GRA,,GEN-GRAFIK,2027-05-18,2027-05-20,0.75,newsletter,NL,F,-60,2027-05-24,offen,
lus-2027-F60-NL-F-newsletter-F1,lus-2027-F60-NL-F-newsletter,Lusatia,2027,F60-NL,Faktencheck,F1,freigabe,KOM,,,2027-05-20,2027-05-21,0.25,newsletter,NL,F,-60,2027-05-24,offen,
lus-2027-F60-NL-F-newsletter-F2,lus-2027-F60-NL-F-newsletter,Lusatia,2027,F60-NL,Redaktionsfreigabe,F2,freigabe,KOM,,,2027-05-21,2027-05-21,0.25,newsletter,NL,F,-60,2027-05-24,offen,
lus-2027-F60-NL-F-newsletter-X1,lus-2027-F60-NL-F-newsletter,Lusatia,2027,F60-NL,"Testversand, Links und Segment prüfen",X1,posting,RED,,,2027-05-21,2027-05-21,0.5,newsletter,NL,F,-60,2027-05-24,offen,
lus-2027-F60-NL-F-newsletter-X2,lus-2027-F60-NL-F-newsletter,Lusatia,2027,F60-NL,Versand,X2,posting,RED,,,2027-05-24,2027-05-24,0.25,newsletter,NL,F,-60,2027-05-24,offen,
lus-2027-F60-NL-F-newsletter-N1,lus-2027-F60-NL-F-newsletter,Lusatia,2027,F60-NL,"Klicks, Antworten, Abmeldungen auswerten",N1,nachbereitung,RED,,,2027-05-27,2027-05-27,0.25,newsletter,NL,F,-60,2027-05-24,offen,
lus-2027-F60-WERTE-F-feed,,Lusatia,2027,F60-WERTE,Werte anhand echter Maßnahmen,,,KOM,,,2027-05-10,2027-05-24,8.25,feed,M,F,-60,2027-05-24,offen,
lus-2027-F60-WERTE-F-feed-P1,lus-2027-F60-WERTE-F-feed,Lusatia,2027,F60-WERTE,Briefing anlegen,P1,planung,KOM,,,2027-05-10,2027-05-10,0.5,feed,M,F,-60,2027-05-24,offen,
lus-2027-F60-WERTE-F-feed-P2,lus-2027-F60-WERTE-F-feed,Lusatia,2027,F60-WERTE,Material und Beteiligte anfragen,P2,planung,RED,,,2027-05-10,2027-05-14,0.5,feed,M,F,-60,2027-05-24,offen,
lus-2027-F60-WERTE-F-feed-E1,lus-2027-F60-WERTE-F-feed,Lusatia,2027,F60-WERTE,Text oder Skript erzeugen und überarbeiten,E1,erstellung,RED,,GEN-TEXT|GEN-SKRIPT,2027-05-14,2027-05-14,1.5,feed,M,F,-60,2027-05-24,offen,
lus-2027-F60-WERTE-F-feed-E2,lus-2027-F60-WERTE-F-feed,Lusatia,2027,F60-WERTE,Karussell oder Schnitt erstellen,E2,erstellung,GRA,,GEN-CONTENT|GEN-GRAFIK,2027-05-14,2027-05-18,3.0,feed,M,F,-60,2027-05-24,offen,
lus-2027-F60-WERTE-F-feed-A1,lus-2027-F60-WERTE-F-feed,Lusatia,2027,F60-WERTE,"Mit Beteiligten abstimmen, Collab-Einladung klären",A1,abstimmung,RED,,,2027-05-14,2027-05-19,0.75,feed,M,F,-60,2027-05-24,offen,
lus-2027-F60-WERTE-F-feed-F1,lus-2027-F60-WERTE-F-feed,Lusatia,2027,F60-WERTE,Faktencheck,F1,freigabe,FACH-CARE,,,2027-05-19,2027-05-20,0.25,feed,M,F,-60,2027-05-24,offen,
lus-2027-F60-WERTE-F-feed-F2,lus-2027-F60-WERTE-F-feed,Lusatia,2027,F60-WERTE,Redaktionsfreigabe,F2,freigabe,KOM,,,2027-05-21,2027-05-21,0.25,feed,M,F,-60,2027-05-24,offen,
lus-2027-F60-WERTE-F-feed-X1,lus-2027-F60-WERTE-F-feed,Lusatia,2027,F60-WERTE,"Einplanen, Collab und Markierungen setzen",X1,posting,CM,,,2027-05-21,2027-05-21,0.25,feed,M,F,-60,2027-05-24,offen,
lus-2027-F60-WERTE-F-feed-X2,lus-2027-F60-WERTE-F-feed,Lusatia,2027,F60-WERTE,"Veröffentlichung kontrollieren, Beteiligte informieren",X2,posting,CM,,,2027-05-24,2027-05-24,0.25,feed,M,F,-60,2027-05-24,offen,
lus-2027-F60-WERTE-F-feed-N1,lus-2027-F60-WERTE-F-feed,Lusatia,2027,F60-WERTE,Kommentare und Nachrichten betreuen,N1,nachbereitung,CM,,,2027-05-24,2027-05-27,0.75,feed,M,F,-60,2027-05-24,offen,
lus-2027-F60-WERTE-F-feed-N2,lus-2027-F60-WERTE-F-feed,Lusatia,2027,F60-WERTE,Link und Ergebnis dokumentieren,N2,nachbereitung,CM,,,2027-05-31,2027-05-31,0.25,feed,M,F,-60,2027-05-24,offen,
lus-2027-PRUEF-pruefpunkt9-intern,,Lusatia,2027,PRUEF,Prüfpunkt Verkauf gegen Zielpfad,,,KOM,,,2027-05-24,2027-05-24,0.5,intern,INT,pruefpunkt,0,2027-05-24,offen,
lus-2027-PRUEF-pruefpunkt9-intern-I1,lus-2027-PRUEF-pruefpunkt9-intern,Lusatia,2027,PRUEF,"Verkauf, Fragen, Reichweite prüfen; Stufe festlegen; Extras auswählen",I1,nachbereitung,KOM,,,2027-05-24,2027-05-24,0.5,intern,INT,pruefpunkt,0,2027-05-24,offen,
lus-2027-SLOT-phase16-feed,,Lusatia,2027,SLOT,Rahmenprogramm (B07),,,KOM,,,2027-05-21,2027-05-28,3.2,feed,S,phase,0,2027-05-28,offen,
lus-2027-SLOT-phase16-feed-P1,lus-2027-SLOT-phase16-feed,Lusatia,2027,SLOT,"Briefing anlegen (Zielgruppe, Zweck, Kernbotschaft, Faktenquelle)",P1,planung,KOM,,,2027-05-21,2027-05-21,0.25,feed,S,phase,0,2027-05-28,offen,
lus-2027-SLOT-phase16-feed-E1,lus-2027-SLOT-phase16-feed,Lusatia,2027,SLOT,Text erzeugen und überarbeiten,E1,erstellung,RED,,GEN-TEXT,2027-05-21,2027-05-21,0.5,feed,S,phase,0,2027-05-28,offen,
lus-2027-SLOT-phase16-feed-E2,lus-2027-SLOT-phase16-feed,Lusatia,2027,SLOT,Grafik erzeugen und anpassen,E2,erstellung,GRA,,GEN-GRAFIK,2027-05-21,2027-05-24,1.0,feed,S,phase,0,2027-05-28,offen,
lus-2027-SLOT-phase16-feed-F1,lus-2027-SLOT-phase16-feed,Lusatia,2027,SLOT,Faktencheck,F1,freigabe,KOM,,,2027-05-24,2027-05-25,0.25,feed,S,phase,0,2027-05-28,offen,
lus-2027-SLOT-phase16-feed-F2,lus-2027-SLOT-phase16-feed,Lusatia,2027,SLOT,Redaktionsfreigabe,F2,freigabe,KOM,,,2027-05-25,2027-05-25,0.25,feed,S,phase,0,2027-05-28,offen,
lus-2027-SLOT-phase16-feed-X1,lus-2027-SLOT-phase16-feed,Lusatia,2027,SLOT,"Einplanen, Links und Markierungen prüfen",X1,posting,CM,,,2027-05-27,2027-05-27,0.25,feed,S,phase,0,2027-05-28,offen,
lus-2027-SLOT-phase16-feed-X2,lus-2027-SLOT-phase16-feed,Lusatia,2027,SLOT,Veröffentlichung kontrollieren,X2,posting,CM,,,2027-05-28,2027-05-28,0.1,feed,S,phase,0,2027-05-28,offen,
lus-2027-SLOT-phase16-feed-N1,lus-2027-SLOT-phase16-feed,Lusatia,2027,SLOT,Kommentare und Nachrichten betreuen,N1,nachbereitung,CM,,,2027-05-28,2027-05-30,0.5,feed,S,phase,0,2027-05-28,offen,
lus-2027-SLOT-phase16-feed-N2,lus-2027-SLOT-phase16-feed,Lusatia,2027,SLOT,Link und Ergebnis dokumentieren,N2,nachbereitung,CM,,,2027-06-04,2027-06-04,0.1,feed,S,phase,0,2027-05-28,offen,
lus-2027-SLOT-phase17-feed,,Lusatia,2027,SLOT,"Camping, Camper, Glamping (B09)",,,KOM,,,2027-05-18,2027-06-01,8.25,feed,M,phase,0,2027-06-01,offen,
lus-2027-SLOT-phase17-feed-P1,lus-2027-SLOT-phase17-feed,Lusatia,2027,SLOT,Briefing anlegen,P1,planung,KOM,,,2027-05-18,2027-05-18,0.5,feed,M,phase,0,2027-06-01,offen,
lus-2027-SLOT-phase17-feed-P2,lus-2027-SLOT-phase17-feed,Lusatia,2027,SLOT,Material und Beteiligte anfragen,P2,planung,RED,,,2027-05-18,2027-05-21,0.5,feed,M,phase,0,2027-06-01,offen,
lus-2027-SLOT-phase17-feed-E1,lus-2027-SLOT-phase17-feed,Lusatia,2027,SLOT,Text oder Skript erzeugen und überarbeiten,E1,erstellung,RED,,GEN-TEXT|GEN-SKRIPT,2027-05-21,2027-05-24,1.5,feed,M,phase,0,2027-06-01,offen,
lus-2027-SLOT-phase17-feed-E2,lus-2027-SLOT-phase17-feed,Lusatia,2027,SLOT,Karussell oder Schnitt erstellen,E2,erstellung,GRA,,GEN-CONTENT|GEN-GRAFIK,2027-05-21,2027-05-26,3.0,feed,M,phase,0,2027-06-01,offen,
lus-2027-SLOT-phase17-feed-A1,lus-2027-SLOT-phase17-feed,Lusatia,2027,SLOT,"Mit Beteiligten abstimmen, Collab-Einladung klären",A1,abstimmung,RED,,,2027-05-25,2027-05-27,0.75,feed,M,phase,0,2027-06-01,offen,
lus-2027-SLOT-phase17-feed-F1,lus-2027-SLOT-phase17-feed,Lusatia,2027,SLOT,Faktencheck,F1,freigabe,KOM,,,2027-05-27,2027-05-28,0.25,feed,M,phase,0,2027-06-01,offen,
lus-2027-SLOT-phase17-feed-F2,lus-2027-SLOT-phase17-feed,Lusatia,2027,SLOT,Redaktionsfreigabe,F2,freigabe,KOM,,,2027-05-28,2027-05-28,0.25,feed,M,phase,0,2027-06-01,offen,
lus-2027-SLOT-phase17-feed-X1,lus-2027-SLOT-phase17-feed,Lusatia,2027,SLOT,"Einplanen, Collab und Markierungen setzen",X1,posting,CM,,,2027-05-31,2027-05-31,0.25,feed,M,phase,0,2027-06-01,offen,
lus-2027-SLOT-phase17-feed-X2,lus-2027-SLOT-phase17-feed,Lusatia,2027,SLOT,"Veröffentlichung kontrollieren, Beteiligte informieren",X2,posting,CM,,,2027-06-01,2027-06-01,0.25,feed,M,phase,0,2027-06-01,offen,
lus-2027-SLOT-phase17-feed-N1,lus-2027-SLOT-phase17-feed,Lusatia,2027,SLOT,Kommentare und Nachrichten betreuen,N1,nachbereitung,CM,,,2027-06-01,2027-06-04,0.75,feed,M,phase,0,2027-06-01,offen,
lus-2027-SLOT-phase17-feed-N2,lus-2027-SLOT-phase17-feed,Lusatia,2027,SLOT,Link und Ergebnis dokumentieren,N2,nachbereitung,CM,,,2027-06-08,2027-06-08,0.25,feed,M,phase,0,2027-06-01,offen,
lus-2027-SLOT-phase18-feed,,Lusatia,2027,SLOT,Artistporträts und Musik (B11),,,KOM,,,2027-05-28,2027-06-04,3.2,feed,S,phase,0,2027-06-04,offen,
lus-2027-SLOT-phase18-feed-P1,lus-2027-SLOT-phase18-feed,Lusatia,2027,SLOT,"Briefing anlegen (Zielgruppe, Zweck, Kernbotschaft, Faktenquelle)",P1,planung,KOM,,,2027-05-28,2027-05-28,0.25,feed,S,phase,0,2027-06-04,offen,
lus-2027-SLOT-phase18-feed-E1,lus-2027-SLOT-phase18-feed,Lusatia,2027,SLOT,Text erzeugen und überarbeiten,E1,erstellung,RED,,GEN-TEXT,2027-05-28,2027-05-28,0.5,feed,S,phase,0,2027-06-04,offen,
lus-2027-SLOT-phase18-feed-E2,lus-2027-SLOT-phase18-feed,Lusatia,2027,SLOT,Grafik erzeugen und anpassen,E2,erstellung,GRA,,GEN-GRAFIK,2027-05-28,2027-05-31,1.0,feed,S,phase,0,2027-06-04,offen,
lus-2027-SLOT-phase18-feed-F1,lus-2027-SLOT-phase18-feed,Lusatia,2027,SLOT,Faktencheck,F1,freigabe,KOM,,,2027-05-31,2027-06-01,0.25,feed,S,phase,0,2027-06-04,offen,
lus-2027-SLOT-phase18-feed-F2,lus-2027-SLOT-phase18-feed,Lusatia,2027,SLOT,Redaktionsfreigabe,F2,freigabe,KOM,,,2027-06-01,2027-06-01,0.25,feed,S,phase,0,2027-06-04,offen,
lus-2027-SLOT-phase18-feed-X1,lus-2027-SLOT-phase18-feed,Lusatia,2027,SLOT,"Einplanen, Links und Markierungen prüfen",X1,posting,CM,,,2027-06-03,2027-06-03,0.25,feed,S,phase,0,2027-06-04,offen,
lus-2027-SLOT-phase18-feed-X2,lus-2027-SLOT-phase18-feed,Lusatia,2027,SLOT,Veröffentlichung kontrollieren,X2,posting,CM,,,2027-06-04,2027-06-04,0.1,feed,S,phase,0,2027-06-04,offen,
lus-2027-SLOT-phase18-feed-N1,lus-2027-SLOT-phase18-feed,Lusatia,2027,SLOT,Kommentare und Nachrichten betreuen,N1,nachbereitung,CM,,,2027-06-04,2027-06-06,0.5,feed,S,phase,0,2027-06-04,offen,
lus-2027-SLOT-phase18-feed-N2,lus-2027-SLOT-phase18-feed,Lusatia,2027,SLOT,Link und Ergebnis dokumentieren,N2,nachbereitung,CM,,,2027-06-11,2027-06-11,0.1,feed,S,phase,0,2027-06-04,offen,
lus-2027-P-WELLE-P4-feed,,Lusatia,2027,P-WELLE,Programmwelle veröffentlichen,,,KOM,,,2027-05-11,2027-06-08,10.5,feed,P,P,0,2027-06-08,offen,
lus-2027-P-WELLE-P4-feed-P1,lus-2027-P-WELLE-P4-feed,Lusatia,2027,P-WELLE,Namensliste und Briefing mit Programmteam,P1,planung,KOM,,,2027-05-11,2027-05-11,0.5,feed,P,P,0,2027-06-08,offen,
lus-2027-P-WELLE-P4-feed-P2,lus-2027-P-WELLE-P4-feed,Lusatia,2027,P-WELLE,"Embargo, Material, Accounts und Schreibweisen bei Artists einholen",P2,planung,RED,,,2027-05-11,2027-05-25,1.5,feed,P,P,0,2027-06-08,offen,
lus-2027-P-WELLE-P4-feed-E1,lus-2027-P-WELLE-P4-feed,Lusatia,2027,P-WELLE,Texte je Act erzeugen und überarbeiten,E1,erstellung,RED,,GEN-TEXT,2027-05-25,2027-05-28,2.0,feed,P,P,0,2027-06-08,offen,
lus-2027-P-WELLE-P4-feed-E2,lus-2027-P-WELLE-P4-feed,Lusatia,2027,P-WELLE,Lineup-Grafik und Einzelkacheln erstellen,E2,erstellung,GRA,,GEN-GRAFIK,2027-05-27,2027-05-31,3.0,feed,P,P,0,2027-06-08,offen,
lus-2027-P-WELLE-P4-feed-A1,lus-2027-P-WELLE-P4-feed,Lusatia,2027,P-WELLE,"Freigabe durch Artists, gemeinsame Veröffentlichung vereinbaren",A1,abstimmung,RED,,,2027-05-31,2027-06-03,1.0,feed,P,P,0,2027-06-08,offen,
lus-2027-P-WELLE-P4-feed-F1,lus-2027-P-WELLE-P4-feed,Lusatia,2027,P-WELLE,Programm-Fakten prüfen,F1,freigabe,FACH-PROG,,,2027-06-03,2027-06-04,0.25,feed,P,P,0,2027-06-08,offen,
lus-2027-P-WELLE-P4-feed-F2,lus-2027-P-WELLE-P4-feed,Lusatia,2027,P-WELLE,Redaktionsfreigabe,F2,freigabe,KOM,,,2027-06-04,2027-06-04,0.25,feed,P,P,0,2027-06-08,offen,
lus-2027-P-WELLE-P4-feed-W1,lus-2027-P-WELLE-P4-feed,Lusatia,2027,P-WELLE,Programmseite der Website vorbereiten,W1,posting,WEB,,,2027-06-04,2027-06-07,0.5,feed,P,P,0,2027-06-08,offen,
lus-2027-P-WELLE-P4-feed-X1,lus-2027-P-WELLE-P4-feed,Lusatia,2027,P-WELLE,"Einplanen, Materialpaket an Beteiligte senden",X1,posting,CM,,,2027-06-07,2027-06-07,0.5,feed,P,P,0,2027-06-08,offen,
lus-2027-P-WELLE-P4-feed-X9,lus-2027-P-WELLE-P4-feed,Lusatia,2027,P-WELLE,Story begleitend ausspielen,X9,posting,CM,,GEN-CONTENT,2027-06-08,2027-06-08,0.5,feed,P,P,0,2027-06-08,offen,
lus-2027-P-WELLE-P4-feed-N1,lus-2027-P-WELLE-P4-feed,Lusatia,2027,P-WELLE,"Kommentare betreuen, geteilte Beiträge sammeln",N1,nachbereitung,CM,,,2027-06-08,2027-06-11,0.5,feed,P,P,0,2027-06-08,offen,
lus-2027-P-WELLE-WEB-P4-website,,Lusatia,2027,P-WELLE-WEB,Website zu: Programmwelle veröffentlichen,,,KOM,,,2027-06-04,2027-06-08,1.5,website,WEB,P,0,2027-06-08,offen,
lus-2027-P-WELLE-WEB-P4-website-E1,lus-2027-P-WELLE-WEB-P4-website,Lusatia,2027,P-WELLE-WEB,Seite aktualisieren,E1,erstellung,WEB,,GEN-TEXT,2027-06-04,2027-06-04,1.0,website,WEB,P,0,2027-06-08,offen,
lus-2027-P-WELLE-WEB-P4-website-F1,lus-2027-P-WELLE-WEB-P4-website,Lusatia,2027,P-WELLE-WEB,Faktencheck,F1,freigabe,FACH-PROG,,,2027-06-07,2027-06-07,0.25,website,WEB,P,0,2027-06-08,offen,
lus-2027-P-WELLE-WEB-P4-website-X1,lus-2027-P-WELLE-WEB-P4-website,Lusatia,2027,P-WELLE-WEB,"Live schalten, Links prüfen",X1,posting,WEB,,,2027-06-08,2027-06-08,0.25,website,WEB,P,0,2027-06-08,offen,
lus-2027-PRUEF-pruefpunkt10-intern,,Lusatia,2027,PRUEF,Prüfpunkt Verkauf gegen Zielpfad,,,KOM,,,2027-06-08,2027-06-08,0.5,intern,INT,pruefpunkt,0,2027-06-08,offen,
lus-2027-PRUEF-pruefpunkt10-intern-I1,lus-2027-PRUEF-pruefpunkt10-intern,Lusatia,2027,PRUEF,"Verkauf, Fragen, Reichweite prüfen; Stufe festlegen; Extras auswählen",I1,nachbereitung,KOM,,,2027-06-08,2027-06-08,0.5,intern,INT,pruefpunkt,0,2027-06-08,offen,
lus-2027-F42-TM-F-mail_ticketinhabende,,Lusatia,2027,F42-TM,Mail Anreise und Aufenthalt,,,KOM,,,2027-06-04,2027-06-11,3.0,mail_ticketinhabende,TM,F,-42,2027-06-11,offen,
lus-2027-F42-TM-F-mail_ticketinhabende-P1,lus-2027-F42-TM-F-mail_ticketinhabende,Lusatia,2027,F42-TM,Inhalt und Segment festlegen,P1,planung,KOM,,,2027-06-04,2027-06-04,0.25,mail_ticketinhabende,TM,F,-42,2027-06-11,offen,
lus-2027-F42-TM-F-mail_ticketinhabende-E1,lus-2027-F42-TM-F-mail_ticketinhabende,Lusatia,2027,F42-TM,Text aus Vorlage erzeugen und überarbeiten,E1,erstellung,RED,,GEN-TEXT,2027-06-04,2027-06-04,1.25,mail_ticketinhabende,TM,F,-42,2027-06-11,offen,
lus-2027-F42-TM-F-mail_ticketinhabende-F1,lus-2027-F42-TM-F-mail_ticketinhabende,Lusatia,2027,F42-TM,Faktencheck,F1,freigabe,FACH-BETR,,,2027-06-07,2027-06-08,0.5,mail_ticketinhabende,TM,F,-42,2027-06-11,offen,
lus-2027-F42-TM-F-mail_ticketinhabende-F2,lus-2027-F42-TM-F-mail_ticketinhabende,Lusatia,2027,F42-TM,Redaktionsfreigabe,F2,freigabe,KOM,,,2027-06-08,2027-06-08,0.25,mail_ticketinhabende,TM,F,-42,2027-06-11,offen,
lus-2027-F42-TM-F-mail_ticketinhabende-X1,lus-2027-F42-TM-F-mail_ticketinhabende,Lusatia,2027,F42-TM,Testversand und Links prüfen,X1,posting,RED,,,2027-06-10,2027-06-10,0.5,mail_ticketinhabende,TM,F,-42,2027-06-11,offen,
lus-2027-F42-TM-F-mail_ticketinhabende-X2,lus-2027-F42-TM-F-mail_ticketinhabende,Lusatia,2027,F42-TM,Versand,X2,posting,RED,,,2027-06-11,2027-06-11,0.25,mail_ticketinhabende,TM,F,-42,2027-06-11,offen,
lus-2027-F42-WEB-F-website,,Lusatia,2027,F42-WEB,Infoseite Anreise und Aufenthalt,,,KOM,,,2027-06-08,2027-06-11,1.5,website,WEB,F,-42,2027-06-11,offen,
lus-2027-F42-WEB-F-website-E1,lus-2027-F42-WEB-F-website,Lusatia,2027,F42-WEB,Seite aktualisieren,E1,erstellung,WEB,,GEN-TEXT,2027-06-08,2027-06-09,1.0,website,WEB,F,-42,2027-06-11,offen,
lus-2027-F42-WEB-F-website-F1,lus-2027-F42-WEB-F-website,Lusatia,2027,F42-WEB,Faktencheck,F1,freigabe,FACH-BETR,,,2027-06-10,2027-06-10,0.25,website,WEB,F,-42,2027-06-11,offen,
lus-2027-F42-WEB-F-website-X1,lus-2027-F42-WEB-F-website,Lusatia,2027,F42-WEB,"Live schalten, Links prüfen",X1,posting,WEB,,,2027-06-11,2027-06-11,0.25,website,WEB,F,-42,2027-06-11,offen,
lus-2027-P-VERTIEF-P4-feed,,Lusatia,2027,P-VERTIEF,Einzelne Acts oder Kollektive vorstellen,,,KOM,,,2027-06-04,2027-06-11,3.2,feed,S,P,3,2027-06-11,offen,
lus-2027-P-VERTIEF-P4-feed-P1,lus-2027-P-VERTIEF-P4-feed,Lusatia,2027,P-VERTIEF,"Briefing anlegen (Zielgruppe, Zweck, Kernbotschaft, Faktenquelle)",P1,planung,KOM,,,2027-06-04,2027-06-04,0.25,feed,S,P,3,2027-06-11,offen,
lus-2027-P-VERTIEF-P4-feed-E1,lus-2027-P-VERTIEF-P4-feed,Lusatia,2027,P-VERTIEF,Text erzeugen und überarbeiten,E1,erstellung,RED,,GEN-TEXT,2027-06-04,2027-06-04,0.5,feed,S,P,3,2027-06-11,offen,
lus-2027-P-VERTIEF-P4-feed-E2,lus-2027-P-VERTIEF-P4-feed,Lusatia,2027,P-VERTIEF,Grafik erzeugen und anpassen,E2,erstellung,GRA,,GEN-GRAFIK,2027-06-04,2027-06-07,1.0,feed,S,P,3,2027-06-11,offen,
lus-2027-P-VERTIEF-P4-feed-F1,lus-2027-P-VERTIEF-P4-feed,Lusatia,2027,P-VERTIEF,Faktencheck,F1,freigabe,FACH-PROG,,,2027-06-07,2027-06-08,0.25,feed,S,P,3,2027-06-11,offen,
lus-2027-P-VERTIEF-P4-feed-F2,lus-2027-P-VERTIEF-P4-feed,Lusatia,2027,P-VERTIEF,Redaktionsfreigabe,F2,freigabe,KOM,,,2027-06-08,2027-06-08,0.25,feed,S,P,3,2027-06-11,offen,
lus-2027-P-VERTIEF-P4-feed-X1,lus-2027-P-VERTIEF-P4-feed,Lusatia,2027,P-VERTIEF,"Einplanen, Links und Markierungen prüfen",X1,posting,CM,,,2027-06-10,2027-06-10,0.25,feed,S,P,3,2027-06-11,offen,
lus-2027-P-VERTIEF-P4-feed-X2,lus-2027-P-VERTIEF-P4-feed,Lusatia,2027,P-VERTIEF,Veröffentlichung kontrollieren,X2,posting,CM,,,2027-06-11,2027-06-11,0.1,feed,S,P,3,2027-06-11,offen,
lus-2027-P-VERTIEF-P4-feed-N1,lus-2027-P-VERTIEF-P4-feed,Lusatia,2027,P-VERTIEF,Kommentare und Nachrichten betreuen,N1,nachbereitung,CM,,,2027-06-11,2027-06-13,0.5,feed,S,P,3,2027-06-11,offen,
lus-2027-P-VERTIEF-P4-feed-N2,lus-2027-P-VERTIEF-P4-feed,Lusatia,2027,P-VERTIEF,Link und Ergebnis dokumentieren,N2,nachbereitung,CM,,,2027-06-18,2027-06-18,0.1,feed,S,P,3,2027-06-11,offen,
lus-2027-F40-VID-F-reel,,Lusatia,2027,F40-VID,Video Anreise,,,KOM,,,2027-04-30,2027-06-13,20.5,reel,L,F,-40,2027-06-13,offen,
lus-2027-F40-VID-F-reel-P1,lus-2027-F40-VID-F-reel,Lusatia,2027,F40-VID,Konzept und Briefing,P1,planung,KOM,,,2027-04-30,2027-04-30,1.0,reel,L,F,-40,2027-06-13,offen,
lus-2027-F40-VID-F-reel-P2,lus-2027-F40-VID-F-reel,Lusatia,2027,F40-VID,Skript mit 2 bis 3 Einstiegen erzeugen und auswählen,P2,planung,RED,,GEN-SKRIPT,2027-05-04,2027-05-07,2.0,reel,L,F,-40,2027-06-13,offen,
lus-2027-F40-VID-F-reel-P3,lus-2027-F40-VID-F-reel,Lusatia,2027,F40-VID,"Drehplanung, Termine, Einverständnisse, Musikrechte",P3,planung,VID,,,2027-05-07,2027-05-14,2.0,reel,L,F,-40,2027-06-13,offen,
lus-2027-F40-VID-F-reel-E1,lus-2027-F40-VID-F-reel,Lusatia,2027,F40-VID,Dreh,E1,erstellung,VID,,,2027-05-14,2027-05-21,6.0,reel,L,F,-40,2027-06-13,offen,
lus-2027-F40-VID-F-reel-E2,lus-2027-F40-VID-F-reel,Lusatia,2027,F40-VID,Rohschnitt,E2,erstellung,VID,,,2027-05-21,2027-05-28,5.0,reel,L,F,-40,2027-06-13,offen,
lus-2027-F40-VID-F-reel-A1,lus-2027-F40-VID-F-reel,Lusatia,2027,F40-VID,Feedback von Beteiligten einholen,A1,abstimmung,RED,,,2027-05-28,2027-06-03,1.0,reel,L,F,-40,2027-06-13,offen,
lus-2027-F40-VID-F-reel-E3,lus-2027-F40-VID-F-reel,Lusatia,2027,F40-VID,"Finalschnitt, Untertitel, Formate",E3,erstellung,VID,,,2027-06-03,2027-06-07,2.0,reel,L,F,-40,2027-06-13,offen,
lus-2027-F40-VID-F-reel-F1,lus-2027-F40-VID-F-reel,Lusatia,2027,F40-VID,"Fakten, Personen- und Musikrechte prüfen",F1,freigabe,FACH-BETR,,,2027-06-07,2027-06-08,0.5,reel,L,F,-40,2027-06-13,offen,
lus-2027-F40-VID-F-reel-F2,lus-2027-F40-VID-F-reel,Lusatia,2027,F40-VID,Redaktionsfreigabe,F2,freigabe,KOM,,,2027-06-08,2027-06-08,0.25,reel,L,F,-40,2027-06-13,offen,
lus-2027-F40-VID-F-reel-X1,lus-2027-F40-VID-F-reel,Lusatia,2027,F40-VID,Einplanen,X1,posting,CM,,,2027-06-11,2027-06-11,0.25,reel,L,F,-40,2027-06-13,offen,
lus-2027-F40-VID-F-reel-N1,lus-2027-F40-VID-F-reel,Lusatia,2027,F40-VID,"Kommentare betreuen, Ergebnis dokumentieren",N1,nachbereitung,CM,,,2027-06-13,2027-06-16,0.5,reel,L,F,-40,2027-06-13,offen,
lus-2027-SLOT-phase19-feed,,Lusatia,2027,SLOT,Artistporträts und Musik (B11),,,KOM,,,2027-06-04,2027-06-18,8.25,feed,M,phase,0,2027-06-18,offen,
lus-2027-SLOT-phase19-feed-P1,lus-2027-SLOT-phase19-feed,Lusatia,2027,SLOT,Briefing anlegen,P1,planung,KOM,,,2027-06-04,2027-06-04,0.5,feed,M,phase,0,2027-06-18,offen,
lus-2027-SLOT-phase19-feed-P2,lus-2027-SLOT-phase19-feed,Lusatia,2027,SLOT,Material und Beteiligte anfragen,P2,planung,RED,,,2027-06-04,2027-06-08,0.5,feed,M,phase,0,2027-06-18,offen,
lus-2027-SLOT-phase19-feed-E1,lus-2027-SLOT-phase19-feed,Lusatia,2027,SLOT,Text oder Skript erzeugen und überarbeiten,E1,erstellung,RED,,GEN-TEXT|GEN-SKRIPT,2027-06-08,2027-06-10,1.5,feed,M,phase,0,2027-06-18,offen,
lus-2027-SLOT-phase19-feed-E2,lus-2027-SLOT-phase19-feed,Lusatia,2027,SLOT,Karussell oder Schnitt erstellen,E2,erstellung,GRA,,GEN-CONTENT|GEN-GRAFIK,2027-06-09,2027-06-11,3.0,feed,M,phase,0,2027-06-18,offen,
lus-2027-SLOT-phase19-feed-A1,lus-2027-SLOT-phase19-feed,Lusatia,2027,SLOT,"Mit Beteiligten abstimmen, Collab-Einladung klären",A1,abstimmung,RED,,,2027-06-11,2027-06-11,0.75,feed,M,phase,0,2027-06-18,offen,
lus-2027-SLOT-phase19-feed-F1,lus-2027-SLOT-phase19-feed,Lusatia,2027,SLOT,Faktencheck,F1,freigabe,KOM,,,2027-06-11,2027-06-14,0.25,feed,M,phase,0,2027-06-18,offen,
lus-2027-SLOT-phase19-feed-F2,lus-2027-SLOT-phase19-feed,Lusatia,2027,SLOT,Redaktionsfreigabe,F2,freigabe,KOM,,,2027-06-15,2027-06-15,0.25,feed,M,phase,0,2027-06-18,offen,
lus-2027-SLOT-phase19-feed-X1,lus-2027-SLOT-phase19-feed,Lusatia,2027,SLOT,"Einplanen, Collab und Markierungen setzen",X1,posting,CM,,,2027-06-17,2027-06-17,0.25,feed,M,phase,0,2027-06-18,offen,
lus-2027-SLOT-phase19-feed-X2,lus-2027-SLOT-phase19-feed,Lusatia,2027,SLOT,"Veröffentlichung kontrollieren, Beteiligte informieren",X2,posting,CM,,,2027-06-18,2027-06-18,0.25,feed,M,phase,0,2027-06-18,offen,
lus-2027-SLOT-phase19-feed-N1,lus-2027-SLOT-phase19-feed,Lusatia,2027,SLOT,Kommentare und Nachrichten betreuen,N1,nachbereitung,CM,,,2027-06-18,2027-06-21,0.75,feed,M,phase,0,2027-06-18,offen,
lus-2027-SLOT-phase19-feed-N2,lus-2027-SLOT-phase19-feed,Lusatia,2027,SLOT,Link und Ergebnis dokumentieren,N2,nachbereitung,CM,,,2027-06-25,2027-06-25,0.25,feed,M,phase,0,2027-06-18,offen,
lus-2027-SLOT-phase20-feed,,Lusatia,2027,SLOT,Festivalerlebnis (B12),,,KOM,,,2027-06-15,2027-06-22,3.2,feed,S,phase,0,2027-06-22,offen,
lus-2027-SLOT-phase20-feed-P1,lus-2027-SLOT-phase20-feed,Lusatia,2027,SLOT,"Briefing anlegen (Zielgruppe, Zweck, Kernbotschaft, Faktenquelle)",P1,planung,KOM,,,2027-06-15,2027-06-15,0.25,feed,S,phase,0,2027-06-22,offen,
lus-2027-SLOT-phase20-feed-E1,lus-2027-SLOT-phase20-feed,Lusatia,2027,SLOT,Text erzeugen und überarbeiten,E1,erstellung,RED,,GEN-TEXT,2027-06-16,2027-06-17,0.5,feed,S,phase,0,2027-06-22,offen,
lus-2027-SLOT-phase20-feed-E2,lus-2027-SLOT-phase20-feed,Lusatia,2027,SLOT,Grafik erzeugen und anpassen,E2,erstellung,GRA,,GEN-GRAFIK,2027-06-16,2027-06-18,1.0,feed,S,phase,0,2027-06-22,offen,
lus-2027-SLOT-phase20-feed-F1,lus-2027-SLOT-phase20-feed,Lusatia,2027,SLOT,Faktencheck,F1,freigabe,KOM,,,2027-06-18,2027-06-18,0.25,feed,S,phase,0,2027-06-22,offen,
lus-2027-SLOT-phase20-feed-F2,lus-2027-SLOT-phase20-feed,Lusatia,2027,SLOT,Redaktionsfreigabe,F2,freigabe,KOM,,,2027-06-18,2027-06-18,0.25,feed,S,phase,0,2027-06-22,offen,
lus-2027-SLOT-phase20-feed-X1,lus-2027-SLOT-phase20-feed,Lusatia,2027,SLOT,"Einplanen, Links und Markierungen prüfen",X1,posting,CM,,,2027-06-21,2027-06-21,0.25,feed,S,phase,0,2027-06-22,offen,
lus-2027-SLOT-phase20-feed-X2,lus-2027-SLOT-phase20-feed,Lusatia,2027,SLOT,Veröffentlichung kontrollieren,X2,posting,CM,,,2027-06-22,2027-06-22,0.1,feed,S,phase,0,2027-06-22,offen,
lus-2027-SLOT-phase20-feed-N1,lus-2027-SLOT-phase20-feed,Lusatia,2027,SLOT,Kommentare und Nachrichten betreuen,N1,nachbereitung,CM,,,2027-06-22,2027-06-24,0.5,feed,S,phase,0,2027-06-22,offen,
lus-2027-SLOT-phase20-feed-N2,lus-2027-SLOT-phase20-feed,Lusatia,2027,SLOT,Link und Ergebnis dokumentieren,N2,nachbereitung,CM,,,2027-06-29,2027-06-29,0.1,feed,S,phase,0,2027-06-22,offen,
lus-2027-F30-NL-F-newsletter,,Lusatia,2027,F30-NL,Newsletter letzte Entscheidung,,,KOM,,,2027-06-11,2027-06-23,4.0,newsletter,NL,F,-30,2027-06-23,offen,
lus-2027-F30-NL-F-newsletter-P1,lus-2027-F30-NL-F-newsletter,Lusatia,2027,F30-NL,Thema und Empfängergruppe festlegen,P1,planung,KOM,,,2027-06-11,2027-06-11,0.25,newsletter,NL,F,-30,2027-06-23,offen,
lus-2027-F30-NL-F-newsletter-E1,lus-2027-F30-NL-F-newsletter,Lusatia,2027,F30-NL,"Betreff, Vorschau und Text erzeugen und überarbeiten",E1,erstellung,RED,,GEN-TEXT,2027-06-16,2027-06-18,1.5,newsletter,NL,F,-30,2027-06-23,offen,
lus-2027-F30-NL-F-newsletter-E2,lus-2027-F30-NL-F-newsletter,Lusatia,2027,F30-NL,Bilder erstellen,E2,erstellung,GRA,,GEN-GRAFIK,2027-06-17,2027-06-18,0.75,newsletter,NL,F,-30,2027-06-23,offen,
lus-2027-F30-NL-F-newsletter-F1,lus-2027-F30-NL-F-newsletter,Lusatia,2027,F30-NL,Faktencheck,F1,freigabe,FACH-TIX,,,2027-06-18,2027-06-18,0.25,newsletter,NL,F,-30,2027-06-23,offen,
lus-2027-F30-NL-F-newsletter-F2,lus-2027-F30-NL-F-newsletter,Lusatia,2027,F30-NL,Redaktionsfreigabe,F2,freigabe,KOM,,,2027-06-18,2027-06-18,0.25,newsletter,NL,F,-30,2027-06-23,offen,
lus-2027-F30-NL-F-newsletter-X1,lus-2027-F30-NL-F-newsletter,Lusatia,2027,F30-NL,"Testversand, Links und Segment prüfen",X1,posting,RED,,,2027-06-21,2027-06-21,0.5,newsletter,NL,F,-30,2027-06-23,offen,
lus-2027-F30-NL-F-newsletter-X2,lus-2027-F30-NL-F-newsletter,Lusatia,2027,F30-NL,Versand,X2,posting,RED,,,2027-06-23,2027-06-23,0.25,newsletter,NL,F,-30,2027-06-23,offen,
lus-2027-F30-NL-F-newsletter-N1,lus-2027-F30-NL-F-newsletter,Lusatia,2027,F30-NL,"Klicks, Antworten, Abmeldungen auswerten",N1,nachbereitung,RED,,,2027-06-25,2027-06-25,0.25,newsletter,NL,F,-30,2027-06-23,offen,
lus-2027-F30-PR-F-presse,,Lusatia,2027,F30-PR,Pressemitteilung Programm und Akkreditierung,,,KOM,,,2027-06-09,2027-06-23,5.0,presse,PR,F,-30,2027-06-23,offen,
lus-2027-F30-PR-F-presse-P1,lus-2027-F30-PR-F-presse,Lusatia,2027,F30-PR,Anlass und Verteiler festlegen,P1,planung,PRESSE,,,2027-06-09,2027-06-09,0.5,presse,PR,F,-30,2027-06-23,offen,
lus-2027-F30-PR-F-presse-E1,lus-2027-F30-PR-F-presse,Lusatia,2027,F30-PR,Mitteilung erzeugen und überarbeiten,E1,erstellung,PRESSE,,GEN-TEXT,2027-06-11,2027-06-14,2.0,presse,PR,F,-30,2027-06-23,offen,
lus-2027-F30-PR-F-presse-E2,lus-2027-F30-PR-F-presse,Lusatia,2027,F30-PR,"Pressefotos auswählen, Credits",E2,erstellung,GRA,,,2027-06-11,2027-06-15,1.0,presse,PR,F,-30,2027-06-23,offen,
lus-2027-F30-PR-F-presse-F1,lus-2027-F30-PR-F-presse,Lusatia,2027,F30-PR,Faktencheck,F1,freigabe,FACH-PROG,,,2027-06-16,2027-06-17,0.5,presse,PR,F,-30,2027-06-23,offen,
lus-2027-F30-PR-F-presse-F2,lus-2027-F30-PR-F-presse,Lusatia,2027,F30-PR,Freigabe,F2,freigabe,KOM,,,2027-06-18,2027-06-18,0.25,presse,PR,F,-30,2027-06-23,offen,
lus-2027-F30-PR-F-presse-X1,lus-2027-F30-PR-F-presse,Lusatia,2027,F30-PR,Versand,X1,posting,PRESSE,,,2027-06-23,2027-06-23,0.5,presse,PR,F,-30,2027-06-23,offen,
lus-2027-F30-PR-F-presse-N1,lus-2027-F30-PR-F-presse,Lusatia,2027,F30-PR,"Nachfassen, Veröffentlichungen sammeln",N1,nachbereitung,PRESSE,,,2027-06-25,2027-06-28,0.25,presse,PR,F,-30,2027-06-23,offen,
lus-2027-PRUEF-pruefpunkt11-intern,,Lusatia,2027,PRUEF,Prüfpunkt Verkauf gegen Zielpfad,,,KOM,,,2027-06-23,2027-06-23,0.5,intern,INT,pruefpunkt,0,2027-06-23,offen,
lus-2027-PRUEF-pruefpunkt11-intern-I1,lus-2027-PRUEF-pruefpunkt11-intern,Lusatia,2027,PRUEF,"Verkauf, Fragen, Reichweite prüfen; Stufe festlegen; Extras auswählen",I1,nachbereitung,KOM,,,2027-06-23,2027-06-23,0.5,intern,INT,pruefpunkt,0,2027-06-23,offen,
lus-2027-SLOT-phase21-feed,,Lusatia,2027,SLOT,Mitfahren und gemeinsame Anreise (B16),,,KOM,,,2027-06-18,2027-06-25,3.2,feed,S,phase,0,2027-06-25,offen,
lus-2027-SLOT-phase21-feed-P1,lus-2027-SLOT-phase21-feed,Lusatia,2027,SLOT,"Briefing anlegen (Zielgruppe, Zweck, Kernbotschaft, Faktenquelle)",P1,planung,KOM,,,2027-06-18,2027-06-18,0.25,feed,S,phase,0,2027-06-25,offen,
lus-2027-SLOT-phase21-feed-E1,lus-2027-SLOT-phase21-feed,Lusatia,2027,SLOT,Text erzeugen und überarbeiten,E1,erstellung,RED,,GEN-TEXT,2027-06-18,2027-06-18,0.5,feed,S,phase,0,2027-06-25,offen,
lus-2027-SLOT-phase21-feed-E2,lus-2027-SLOT-phase21-feed,Lusatia,2027,SLOT,Grafik erzeugen und anpassen,E2,erstellung,GRA,,GEN-GRAFIK,2027-06-18,2027-06-21,1.0,feed,S,phase,0,2027-06-25,offen,
lus-2027-SLOT-phase21-feed-F1,lus-2027-SLOT-phase21-feed,Lusatia,2027,SLOT,Faktencheck,F1,freigabe,KOM,,,2027-06-21,2027-06-22,0.25,feed,S,phase,0,2027-06-25,offen,
lus-2027-SLOT-phase21-feed-F2,lus-2027-SLOT-phase21-feed,Lusatia,2027,SLOT,Redaktionsfreigabe,F2,freigabe,KOM,,,2027-06-22,2027-06-22,0.25,feed,S,phase,0,2027-06-25,offen,
lus-2027-SLOT-phase21-feed-X1,lus-2027-SLOT-phase21-feed,Lusatia,2027,SLOT,"Einplanen, Links und Markierungen prüfen",X1,posting,CM,,,2027-06-24,2027-06-24,0.25,feed,S,phase,0,2027-06-25,offen,
lus-2027-SLOT-phase21-feed-X2,lus-2027-SLOT-phase21-feed,Lusatia,2027,SLOT,Veröffentlichung kontrollieren,X2,posting,CM,,,2027-06-25,2027-06-25,0.1,feed,S,phase,0,2027-06-25,offen,
lus-2027-SLOT-phase21-feed-N1,lus-2027-SLOT-phase21-feed,Lusatia,2027,SLOT,Kommentare und Nachrichten betreuen,N1,nachbereitung,CM,,,2027-06-25,2027-06-27,0.5,feed,S,phase,0,2027-06-25,offen,
lus-2027-SLOT-phase21-feed-N2,lus-2027-SLOT-phase21-feed,Lusatia,2027,SLOT,Link und Ergebnis dokumentieren,N2,nachbereitung,CM,,,2027-07-02,2027-07-02,0.1,feed,S,phase,0,2027-06-25,offen,
lus-2027-SLOT-phase22-feed,,Lusatia,2027,SLOT,Mitfahren und gemeinsame Anreise (B16),,,KOM,,,2027-06-15,2027-06-29,8.25,feed,M,phase,0,2027-06-29,offen,
lus-2027-SLOT-phase22-feed-P1,lus-2027-SLOT-phase22-feed,Lusatia,2027,SLOT,Briefing anlegen,P1,planung,KOM,,,2027-06-15,2027-06-15,0.5,feed,M,phase,0,2027-06-29,offen,
lus-2027-SLOT-phase22-feed-P2,lus-2027-SLOT-phase22-feed,Lusatia,2027,SLOT,Material und Beteiligte anfragen,P2,planung,RED,,,2027-06-15,2027-06-18,0.5,feed,M,phase,0,2027-06-29,offen,
lus-2027-SLOT-phase22-feed-E1,lus-2027-SLOT-phase22-feed,Lusatia,2027,SLOT,Text oder Skript erzeugen und überarbeiten,E1,erstellung,RED,,GEN-TEXT|GEN-SKRIPT,2027-06-18,2027-06-21,1.5,feed,M,phase,0,2027-06-29,offen,
lus-2027-SLOT-phase22-feed-E2,lus-2027-SLOT-phase22-feed,Lusatia,2027,SLOT,Karussell oder Schnitt erstellen,E2,erstellung,GRA,,GEN-CONTENT|GEN-GRAFIK,2027-06-18,2027-06-23,3.0,feed,M,phase,0,2027-06-29,offen,
lus-2027-SLOT-phase22-feed-A1,lus-2027-SLOT-phase22-feed,Lusatia,2027,SLOT,"Mit Beteiligten abstimmen, Collab-Einladung klären",A1,abstimmung,RED,,,2027-06-22,2027-06-24,0.75,feed,M,phase,0,2027-06-29,offen,
lus-2027-SLOT-phase22-feed-F1,lus-2027-SLOT-phase22-feed,Lusatia,2027,SLOT,Faktencheck,F1,freigabe,KOM,,,2027-06-24,2027-06-25,0.25,feed,M,phase,0,2027-06-29,offen,
lus-2027-SLOT-phase22-feed-F2,lus-2027-SLOT-phase22-feed,Lusatia,2027,SLOT,Redaktionsfreigabe,F2,freigabe,KOM,,,2027-06-25,2027-06-25,0.25,feed,M,phase,0,2027-06-29,offen,
lus-2027-SLOT-phase22-feed-X1,lus-2027-SLOT-phase22-feed,Lusatia,2027,SLOT,"Einplanen, Collab und Markierungen setzen",X1,posting,CM,,,2027-06-28,2027-06-28,0.25,feed,M,phase,0,2027-06-29,offen,
lus-2027-SLOT-phase22-feed-X2,lus-2027-SLOT-phase22-feed,Lusatia,2027,SLOT,"Veröffentlichung kontrollieren, Beteiligte informieren",X2,posting,CM,,,2027-06-29,2027-06-29,0.25,feed,M,phase,0,2027-06-29,offen,
lus-2027-SLOT-phase22-feed-N1,lus-2027-SLOT-phase22-feed,Lusatia,2027,SLOT,Kommentare und Nachrichten betreuen,N1,nachbereitung,CM,,,2027-06-29,2027-07-02,0.75,feed,M,phase,0,2027-06-29,offen,
lus-2027-SLOT-phase22-feed-N2,lus-2027-SLOT-phase22-feed,Lusatia,2027,SLOT,Link und Ergebnis dokumentieren,N2,nachbereitung,CM,,,2027-07-06,2027-07-06,0.25,feed,M,phase,0,2027-06-29,offen,
lus-2027-F21-PACK-F-feed,,Lusatia,2027,F21-PACK,Packliste und Einlass,,,KOM,,,2027-06-25,2027-07-02,3.2,feed,S,F,-21,2027-07-02,offen,
lus-2027-F21-PACK-F-feed-P1,lus-2027-F21-PACK-F-feed,Lusatia,2027,F21-PACK,"Briefing anlegen (Zielgruppe, Zweck, Kernbotschaft, Faktenquelle)",P1,planung,KOM,,,2027-06-25,2027-06-25,0.25,feed,S,F,-21,2027-07-02,offen,
lus-2027-F21-PACK-F-feed-E1,lus-2027-F21-PACK-F-feed,Lusatia,2027,F21-PACK,Text erzeugen und überarbeiten,E1,erstellung,RED,,GEN-TEXT,2027-06-25,2027-06-25,0.5,feed,S,F,-21,2027-07-02,offen,
lus-2027-F21-PACK-F-feed-E2,lus-2027-F21-PACK-F-feed,Lusatia,2027,F21-PACK,Grafik erzeugen und anpassen,E2,erstellung,GRA,,GEN-GRAFIK,2027-06-25,2027-06-28,1.0,feed,S,F,-21,2027-07-02,offen,
lus-2027-F21-PACK-F-feed-F1,lus-2027-F21-PACK-F-feed,Lusatia,2027,F21-PACK,Faktencheck,F1,freigabe,FACH-BETR,,,2027-06-28,2027-06-29,0.25,feed,S,F,-21,2027-07-02,offen,
lus-2027-F21-PACK-F-feed-F2,lus-2027-F21-PACK-F-feed,Lusatia,2027,F21-PACK,Redaktionsfreigabe,F2,freigabe,KOM,,,2027-06-29,2027-06-29,0.25,feed,S,F,-21,2027-07-02,offen,
lus-2027-F21-PACK-F-feed-X1,lus-2027-F21-PACK-F-feed,Lusatia,2027,F21-PACK,"Einplanen, Links und Markierungen prüfen",X1,posting,CM,,,2027-07-01,2027-07-01,0.25,feed,S,F,-21,2027-07-02,offen,
lus-2027-F21-PACK-F-feed-X2,lus-2027-F21-PACK-F-feed,Lusatia,2027,F21-PACK,Veröffentlichung kontrollieren,X2,posting,CM,,,2027-07-02,2027-07-02,0.1,feed,S,F,-21,2027-07-02,offen,
lus-2027-F21-PACK-F-feed-N1,lus-2027-F21-PACK-F-feed,Lusatia,2027,F21-PACK,Kommentare und Nachrichten betreuen,N1,nachbereitung,CM,,,2027-07-02,2027-07-04,0.5,feed,S,F,-21,2027-07-02,offen,
lus-2027-F21-PACK-F-feed-N2,lus-2027-F21-PACK-F-feed,Lusatia,2027,F21-PACK,Link und Ergebnis dokumentieren,N2,nachbereitung,CM,,,2027-07-09,2027-07-09,0.1,feed,S,F,-21,2027-07-02,offen,
lus-2027-F21-VID-F-reel,,Lusatia,2027,F21-VID,Video Care und Vorfreude,,,KOM,,,2027-02-26,2027-07-02,21.0,reel,L,F,-21,2027-07-02,offen,vorgezogen auf Stichtag 15.06.
lus-2027-F21-VID-F-reel-P1,lus-2027-F21-VID-F-reel,Lusatia,2027,F21-VID,Konzept und Briefing,P1,planung,KOM,,,2027-02-26,2027-02-26,1.0,reel,L,F,-21,2027-07-02,offen,
lus-2027-F21-VID-F-reel-P2,lus-2027-F21-VID-F-reel,Lusatia,2027,F21-VID,Skript mit 2 bis 3 Einstiegen erzeugen und auswählen,P2,planung,RED,,GEN-SKRIPT,2027-02-26,2027-03-05,2.0,reel,L,F,-21,2027-07-02,offen,
lus-2027-F21-VID-F-reel-P3,lus-2027-F21-VID-F-reel,Lusatia,2027,F21-VID,"Drehplanung, Termine, Einverständnisse, Musikrechte",P3,planung,VID,,,2027-03-05,2027-03-12,2.0,reel,L,F,-21,2027-07-02,offen,
lus-2027-F21-VID-F-reel-E1,lus-2027-F21-VID-F-reel,Lusatia,2027,F21-VID,Dreh,E1,erstellung,VID,,,2027-03-12,2027-03-19,6.0,reel,L,F,-21,2027-07-02,offen,
lus-2027-F21-VID-F-reel-E2,lus-2027-F21-VID-F-reel,Lusatia,2027,F21-VID,Rohschnitt,E2,erstellung,VID,,,2027-03-19,2027-03-25,5.0,reel,L,F,-21,2027-07-02,offen,
lus-2027-F21-VID-F-reel-A1,lus-2027-F21-VID-F-reel,Lusatia,2027,F21-VID,Feedback von Beteiligten einholen,A1,abstimmung,RED,,,2027-03-25,2027-03-30,1.0,reel,L,F,-21,2027-07-02,offen,
lus-2027-F21-VID-F-reel-E3,lus-2027-F21-VID-F-reel,Lusatia,2027,F21-VID,"Finalschnitt, Untertitel, Formate",E3,erstellung,VID,,,2027-03-30,2027-04-02,2.0,reel,L,F,-21,2027-07-02,offen,
lus-2027-F21-VID-F-reel-F1,lus-2027-F21-VID-F-reel,Lusatia,2027,F21-VID,"Fakten, Personen- und Musikrechte prüfen",F1,freigabe,FACH-CARE,,,2027-06-25,2027-06-25,0.5,reel,L,F,-21,2027-07-02,offen,
lus-2027-F21-VID-F-reel-F2,lus-2027-F21-VID-F-reel,Lusatia,2027,F21-VID,Redaktionsfreigabe,F2,freigabe,KOM,,,2027-06-25,2027-06-25,0.25,reel,L,F,-21,2027-07-02,offen,
lus-2027-F21-VID-F-reel-E9,lus-2027-F21-VID-F-reel,Lusatia,2027,F21-VID,Fakten aktualisieren und Fassung finalisieren,E9,erstellung,RED,,GEN-TEXT,2027-06-25,2027-06-25,0.5,reel,L,F,-21,2027-07-02,offen,
lus-2027-F21-VID-F-reel-X1,lus-2027-F21-VID-F-reel,Lusatia,2027,F21-VID,Einplanen,X1,posting,CM,,,2027-06-30,2027-06-30,0.25,reel,L,F,-21,2027-07-02,offen,
lus-2027-F21-VID-F-reel-N1,lus-2027-F21-VID-F-reel,Lusatia,2027,F21-VID,"Kommentare betreuen, Ergebnis dokumentieren",N1,nachbereitung,CM,,,2027-07-02,2027-07-05,0.5,reel,L,F,-21,2027-07-02,offen,
lus-2027-F21-WEB-F-website,,Lusatia,2027,F21-WEB,"Infoseite Care, Einlass, Packliste, Bezahlen",,,KOM,,,2027-06-29,2027-07-02,1.5,website,WEB,F,-21,2027-07-02,offen,
lus-2027-F21-WEB-F-website-E1,lus-2027-F21-WEB-F-website,Lusatia,2027,F21-WEB,Seite aktualisieren,E1,erstellung,WEB,,GEN-TEXT,2027-06-29,2027-06-30,1.0,website,WEB,F,-21,2027-07-02,offen,
lus-2027-F21-WEB-F-website-F1,lus-2027-F21-WEB-F-website,Lusatia,2027,F21-WEB,Faktencheck,F1,freigabe,FACH-CARE,,,2027-07-01,2027-07-01,0.25,website,WEB,F,-21,2027-07-02,offen,
lus-2027-F21-WEB-F-website-X1,lus-2027-F21-WEB-F-website,Lusatia,2027,F21-WEB,"Live schalten, Links prüfen",X1,posting,WEB,,,2027-07-02,2027-07-02,0.25,website,WEB,F,-21,2027-07-02,offen,
lus-2027-PRUEF-pruefpunkt12-intern,,Lusatia,2027,PRUEF,Prüfpunkt Verkauf gegen Zielpfad,,,KOM,,,2027-07-02,2027-07-02,0.5,intern,INT,pruefpunkt,0,2027-07-02,offen,
lus-2027-PRUEF-pruefpunkt12-intern-I1,lus-2027-PRUEF-pruefpunkt12-intern,Lusatia,2027,PRUEF,"Verkauf, Fragen, Reichweite prüfen; Stufe festlegen; Extras auswählen",I1,nachbereitung,KOM,,,2027-07-02,2027-07-02,0.5,intern,INT,pruefpunkt,0,2027-07-02,offen,
lus-2027-SLOT-phase23-feed,,Lusatia,2027,SLOT,Artistporträts und Musik (B11),,,KOM,,,2027-06-29,2027-07-06,3.2,feed,S,phase,0,2027-07-06,offen,
lus-2027-SLOT-phase23-feed-P1,lus-2027-SLOT-phase23-feed,Lusatia,2027,SLOT,"Briefing anlegen (Zielgruppe, Zweck, Kernbotschaft, Faktenquelle)",P1,planung,KOM,,,2027-06-29,2027-06-29,0.25,feed,S,phase,0,2027-07-06,offen,
lus-2027-SLOT-phase23-feed-E1,lus-2027-SLOT-phase23-feed,Lusatia,2027,SLOT,Text erzeugen und überarbeiten,E1,erstellung,RED,,GEN-TEXT,2027-06-30,2027-07-01,0.5,feed,S,phase,0,2027-07-06,offen,
lus-2027-SLOT-phase23-feed-E2,lus-2027-SLOT-phase23-feed,Lusatia,2027,SLOT,Grafik erzeugen und anpassen,E2,erstellung,GRA,,GEN-GRAFIK,2027-06-30,2027-07-02,1.0,feed,S,phase,0,2027-07-06,offen,
lus-2027-SLOT-phase23-feed-F1,lus-2027-SLOT-phase23-feed,Lusatia,2027,SLOT,Faktencheck,F1,freigabe,KOM,,,2027-07-02,2027-07-02,0.25,feed,S,phase,0,2027-07-06,offen,
lus-2027-SLOT-phase23-feed-F2,lus-2027-SLOT-phase23-feed,Lusatia,2027,SLOT,Redaktionsfreigabe,F2,freigabe,KOM,,,2027-07-02,2027-07-02,0.25,feed,S,phase,0,2027-07-06,offen,
lus-2027-SLOT-phase23-feed-X1,lus-2027-SLOT-phase23-feed,Lusatia,2027,SLOT,"Einplanen, Links und Markierungen prüfen",X1,posting,CM,,,2027-07-05,2027-07-05,0.25,feed,S,phase,0,2027-07-06,offen,
lus-2027-SLOT-phase23-feed-X2,lus-2027-SLOT-phase23-feed,Lusatia,2027,SLOT,Veröffentlichung kontrollieren,X2,posting,CM,,,2027-07-06,2027-07-06,0.1,feed,S,phase,0,2027-07-06,offen,
lus-2027-SLOT-phase23-feed-N1,lus-2027-SLOT-phase23-feed,Lusatia,2027,SLOT,Kommentare und Nachrichten betreuen,N1,nachbereitung,CM,,,2027-07-06,2027-07-08,0.5,feed,S,phase,0,2027-07-06,offen,
lus-2027-SLOT-phase23-feed-N2,lus-2027-SLOT-phase23-feed,Lusatia,2027,SLOT,Link und Ergebnis dokumentieren,N2,nachbereitung,CM,,,2027-07-13,2027-07-13,0.1,feed,S,phase,0,2027-07-06,offen,
lus-2027-F14-ANW-F-brief_und_mail,,Lusatia,2027,F14-ANW,"Anwohner, Gemeinde und Behörden informieren",,,KOM,,,2027-06-29,2027-07-09,2.5,brief_und_mail,INT,F,-14,2027-07-09,offen,
lus-2027-F14-ANW-F-brief_und_mail-I1,lus-2027-F14-ANW-F-brief_und_mail,Lusatia,2027,F14-ANW,"Anwohnerinfo erzeugen (Verkehr, Lärm, Zeiten, Kontakt)",I1,erstellung,RED,,GEN-TEXT,2027-06-29,2027-07-02,1.0,brief_und_mail,INT,F,-14,2027-07-09,offen,
lus-2027-F14-ANW-F-brief_und_mail-I2,lus-2027-F14-ANW-F-brief_und_mail,Lusatia,2027,F14-ANW,Betrieb prüft und gibt frei,I2,freigabe,FACH-BETR,,,2027-07-02,2027-07-02,0.5,brief_und_mail,INT,F,-14,2027-07-09,offen,
lus-2027-F14-ANW-F-brief_und_mail-I3,lus-2027-F14-ANW-F-brief_und_mail,Lusatia,2027,F14-ANW,Verteilen und an Gemeinde senden,I3,posting,FACH-BETR,,,2027-07-09,2027-07-09,1.0,brief_und_mail,INT,F,-14,2027-07-09,offen,
lus-2027-F14-KRISE-F-intern,,Lusatia,2027,F14-KRISE,Krisenvorlagen freigeben und Rufbereitschaft festlegen,,,KOM,,,2027-06-18,2027-07-09,3.5,intern,INT,F,-14,2027-07-09,offen,
lus-2027-F14-KRISE-F-intern-I1,lus-2027-F14-KRISE-F-intern,Lusatia,2027,F14-KRISE,"Vorlagen Unwetter, Einlassstopp, Programmänderung, Absage erzeugen",I1,erstellung,RED,,GEN-TEXT,2027-06-18,2027-06-25,2.0,intern,INT,F,-14,2027-07-09,offen,
lus-2027-F14-KRISE-F-intern-I2,lus-2027-F14-KRISE-F-intern,Lusatia,2027,F14-KRISE,"Betrieb und Geschäftsführung geben frei, Freigabeweg festlegen",I2,freigabe,FACH-BETR,,,2027-07-02,2027-07-08,1.0,intern,INT,F,-14,2027-07-09,offen,
lus-2027-F14-KRISE-F-intern-I3,lus-2027-F14-KRISE-F-intern,Lusatia,2027,F14-KRISE,Rufbereitschaft und Kontakte im Dienstplan eintragen,I3,posting,KOM,,,2027-07-09,2027-07-09,0.5,intern,INT,F,-14,2027-07-09,offen,
lus-2027-F14-NL-F-newsletter,,Lusatia,2027,F14-NL,Newsletter Programmauswahl,,,KOM,,,2027-06-29,2027-07-09,4.0,newsletter,NL,F,-14,2027-07-09,offen,
lus-2027-F14-NL-F-newsletter-P1,lus-2027-F14-NL-F-newsletter,Lusatia,2027,F14-NL,Thema und Empfängergruppe festlegen,P1,planung,KOM,,,2027-06-29,2027-06-29,0.25,newsletter,NL,F,-14,2027-07-09,offen,
lus-2027-F14-NL-F-newsletter-E1,lus-2027-F14-NL-F-newsletter,Lusatia,2027,F14-NL,"Betreff, Vorschau und Text erzeugen und überarbeiten",E1,erstellung,RED,,GEN-TEXT,2027-07-02,2027-07-02,1.5,newsletter,NL,F,-14,2027-07-09,offen,
lus-2027-F14-NL-F-newsletter-E2,lus-2027-F14-NL-F-newsletter,Lusatia,2027,F14-NL,Bilder erstellen,E2,erstellung,GRA,,GEN-GRAFIK,2027-07-02,2027-07-05,0.75,newsletter,NL,F,-14,2027-07-09,offen,
lus-2027-F14-NL-F-newsletter-F1,lus-2027-F14-NL-F-newsletter,Lusatia,2027,F14-NL,Faktencheck,F1,freigabe,FACH-PROG,,,2027-07-05,2027-07-06,0.25,newsletter,NL,F,-14,2027-07-09,offen,
lus-2027-F14-NL-F-newsletter-F2,lus-2027-F14-NL-F-newsletter,Lusatia,2027,F14-NL,Redaktionsfreigabe,F2,freigabe,KOM,,,2027-07-06,2027-07-06,0.25,newsletter,NL,F,-14,2027-07-09,offen,
lus-2027-F14-NL-F-newsletter-X1,lus-2027-F14-NL-F-newsletter,Lusatia,2027,F14-NL,"Testversand, Links und Segment prüfen",X1,posting,RED,,,2027-07-07,2027-07-07,0.5,newsletter,NL,F,-14,2027-07-09,offen,
lus-2027-F14-NL-F-newsletter-X2,lus-2027-F14-NL-F-newsletter,Lusatia,2027,F14-NL,Versand,X2,posting,RED,,,2027-07-09,2027-07-09,0.25,newsletter,NL,F,-14,2027-07-09,offen,
lus-2027-F14-NL-F-newsletter-N1,lus-2027-F14-NL-F-newsletter,Lusatia,2027,F14-NL,"Klicks, Antworten, Abmeldungen auswerten",N1,nachbereitung,RED,,,2027-07-12,2027-07-12,0.25,newsletter,NL,F,-14,2027-07-09,offen,
lus-2027-F14-TM-F-mail_ticketinhabende,,Lusatia,2027,F14-TM,"Mail Care, Regeln, Timetable",,,KOM,,,2027-07-02,2027-07-09,3.0,mail_ticketinhabende,TM,F,-14,2027-07-09,offen,
lus-2027-F14-TM-F-mail_ticketinhabende-P1,lus-2027-F14-TM-F-mail_ticketinhabende,Lusatia,2027,F14-TM,Inhalt und Segment festlegen,P1,planung,KOM,,,2027-07-02,2027-07-02,0.25,mail_ticketinhabende,TM,F,-14,2027-07-09,offen,
lus-2027-F14-TM-F-mail_ticketinhabende-E1,lus-2027-F14-TM-F-mail_ticketinhabende,Lusatia,2027,F14-TM,Text aus Vorlage erzeugen und überarbeiten,E1,erstellung,RED,,GEN-TEXT,2027-07-02,2027-07-02,1.25,mail_ticketinhabende,TM,F,-14,2027-07-09,offen,
lus-2027-F14-TM-F-mail_ticketinhabende-F1,lus-2027-F14-TM-F-mail_ticketinhabende,Lusatia,2027,F14-TM,Faktencheck,F1,freigabe,FACH-CARE,,,2027-07-05,2027-07-06,0.5,mail_ticketinhabende,TM,F,-14,2027-07-09,offen,
lus-2027-F14-TM-F-mail_ticketinhabende-F2,lus-2027-F14-TM-F-mail_ticketinhabende,Lusatia,2027,F14-TM,Redaktionsfreigabe,F2,freigabe,KOM,,,2027-07-06,2027-07-06,0.25,mail_ticketinhabende,TM,F,-14,2027-07-09,offen,
lus-2027-F14-TM-F-mail_ticketinhabende-X1,lus-2027-F14-TM-F-mail_ticketinhabende,Lusatia,2027,F14-TM,Testversand und Links prüfen,X1,posting,RED,,,2027-07-08,2027-07-08,0.5,mail_ticketinhabende,TM,F,-14,2027-07-09,offen,
lus-2027-F14-TM-F-mail_ticketinhabende-X2,lus-2027-F14-TM-F-mail_ticketinhabende,Lusatia,2027,F14-TM,Versand,X2,posting,RED,,,2027-07-09,2027-07-09,0.25,mail_ticketinhabende,TM,F,-14,2027-07-09,offen,
lus-2027-F14-TT-F-feed,,Lusatia,2027,F14-TT,Timetable und Geländeplan,,,KOM,,,2027-04-06,2027-07-09,9.25,feed,M,F,-14,2027-07-09,offen,vorgezogen auf Stichtag 15.06.
lus-2027-F14-TT-F-feed-P1,lus-2027-F14-TT-F-feed,Lusatia,2027,F14-TT,Briefing anlegen,P1,planung,KOM,,,2027-04-06,2027-04-06,0.5,feed,M,F,-14,2027-07-09,offen,
lus-2027-F14-TT-F-feed-P2,lus-2027-F14-TT-F-feed,Lusatia,2027,F14-TT,Material und Beteiligte anfragen,P2,planung,RED,,,2027-04-06,2027-04-09,0.5,feed,M,F,-14,2027-07-09,offen,
lus-2027-F14-TT-F-feed-E1,lus-2027-F14-TT-F-feed,Lusatia,2027,F14-TT,Text oder Skript erzeugen und überarbeiten,E1,erstellung,RED,,GEN-TEXT|GEN-SKRIPT,2027-04-09,2027-04-12,1.5,feed,M,F,-14,2027-07-09,offen,
lus-2027-F14-TT-F-feed-E2,lus-2027-F14-TT-F-feed,Lusatia,2027,F14-TT,Karussell oder Schnitt erstellen,E2,erstellung,GRA,,GEN-CONTENT|GEN-GRAFIK,2027-04-09,2027-04-13,3.0,feed,M,F,-14,2027-07-09,offen,
lus-2027-F14-TT-F-feed-A1,lus-2027-F14-TT-F-feed,Lusatia,2027,F14-TT,"Mit Beteiligten abstimmen, Collab-Einladung klären",A1,abstimmung,RED,,,2027-04-13,2027-04-13,0.75,feed,M,F,-14,2027-07-09,offen,
lus-2027-F14-TT-F-feed-E9,lus-2027-F14-TT-F-feed,Lusatia,2027,F14-TT,Fakten aktualisieren und Fassung finalisieren,E9,erstellung,RED,,GEN-TEXT,2027-07-02,2027-07-02,0.5,feed,M,F,-14,2027-07-09,offen,
lus-2027-F14-TT-F-feed-F1,lus-2027-F14-TT-F-feed,Lusatia,2027,F14-TT,Faktencheck,F1,freigabe,FACH-PROG,,,2027-07-02,2027-07-05,0.25,feed,M,F,-14,2027-07-09,offen,
lus-2027-F14-TT-F-feed-F2,lus-2027-F14-TT-F-feed,Lusatia,2027,F14-TT,Redaktionsfreigabe,F2,freigabe,KOM,,,2027-07-06,2027-07-06,0.25,feed,M,F,-14,2027-07-09,offen,
lus-2027-F14-TT-F-feed-X1,lus-2027-F14-TT-F-feed,Lusatia,2027,F14-TT,"Einplanen, Collab und Markierungen setzen",X1,posting,CM,,,2027-07-08,2027-07-08,0.25,feed,M,F,-14,2027-07-09,offen,
lus-2027-F14-TT-F-feed-X2,lus-2027-F14-TT-F-feed,Lusatia,2027,F14-TT,"Veröffentlichung kontrollieren, Beteiligte informieren",X2,posting,CM,,,2027-07-09,2027-07-09,0.25,feed,M,F,-14,2027-07-09,offen,
lus-2027-F14-TT-F-feed-X9,lus-2027-F14-TT-F-feed,Lusatia,2027,F14-TT,Story begleitend ausspielen,X9,posting,CM,,GEN-CONTENT,2027-07-09,2027-07-09,0.5,feed,M,F,-14,2027-07-09,offen,
lus-2027-F14-TT-F-feed-N1,lus-2027-F14-TT-F-feed,Lusatia,2027,F14-TT,Kommentare und Nachrichten betreuen,N1,nachbereitung,CM,,,2027-07-09,2027-07-12,0.75,feed,M,F,-14,2027-07-09,offen,
lus-2027-F14-TT-F-feed-N2,lus-2027-F14-TT-F-feed,Lusatia,2027,F14-TT,Link und Ergebnis dokumentieren,N2,nachbereitung,CM,,,2027-07-16,2027-07-16,0.25,feed,M,F,-14,2027-07-09,offen,
lus-2027-F14-TT-WEB-F-website,,Lusatia,2027,F14-TT-WEB,Website zu: Timetable und Geländeplan,,,KOM,,,2027-07-06,2027-07-09,1.5,website,WEB,F,-14,2027-07-09,offen,
lus-2027-F14-TT-WEB-F-website-E1,lus-2027-F14-TT-WEB-F-website,Lusatia,2027,F14-TT-WEB,Seite aktualisieren,E1,erstellung,WEB,,GEN-TEXT,2027-07-06,2027-07-07,1.0,website,WEB,F,-14,2027-07-09,offen,
lus-2027-F14-TT-WEB-F-website-F1,lus-2027-F14-TT-WEB-F-website,Lusatia,2027,F14-TT-WEB,Faktencheck,F1,freigabe,FACH-PROG,,,2027-07-08,2027-07-08,0.25,website,WEB,F,-14,2027-07-09,offen,
lus-2027-F14-TT-WEB-F-website-X1,lus-2027-F14-TT-WEB-F-website,Lusatia,2027,F14-TT-WEB,"Live schalten, Links prüfen",X1,posting,WEB,,,2027-07-09,2027-07-09,0.25,website,WEB,F,-14,2027-07-09,offen,
lus-2027-SLOT-phase24-feed,,Lusatia,2027,SLOT,Artistporträts und Musik (B11),,,KOM,,,2027-04-15,2027-07-13,8.75,feed,M,phase,0,2027-07-13,offen,vorgezogen auf Stichtag 15.06.
lus-2027-SLOT-phase24-feed-P1,lus-2027-SLOT-phase24-feed,Lusatia,2027,SLOT,Briefing anlegen,P1,planung,KOM,,,2027-04-15,2027-04-15,0.5,feed,M,phase,0,2027-07-13,offen,
lus-2027-SLOT-phase24-feed-P2,lus-2027-SLOT-phase24-feed,Lusatia,2027,SLOT,Material und Beteiligte anfragen,P2,planung,RED,,,2027-04-15,2027-04-16,0.5,feed,M,phase,0,2027-07-13,offen,
lus-2027-SLOT-phase24-feed-E1,lus-2027-SLOT-phase24-feed,Lusatia,2027,SLOT,Text oder Skript erzeugen und überarbeiten,E1,erstellung,RED,,GEN-TEXT|GEN-SKRIPT,2027-04-16,2027-04-21,1.5,feed,M,phase,0,2027-07-13,offen,
lus-2027-SLOT-phase24-feed-E2,lus-2027-SLOT-phase24-feed,Lusatia,2027,SLOT,Karussell oder Schnitt erstellen,E2,erstellung,GRA,,GEN-CONTENT|GEN-GRAFIK,2027-04-16,2027-04-23,3.0,feed,M,phase,0,2027-07-13,offen,
lus-2027-SLOT-phase24-feed-A1,lus-2027-SLOT-phase24-feed,Lusatia,2027,SLOT,"Mit Beteiligten abstimmen, Collab-Einladung klären",A1,abstimmung,RED,,,2027-04-22,2027-04-23,0.75,feed,M,phase,0,2027-07-13,offen,
lus-2027-SLOT-phase24-feed-E9,lus-2027-SLOT-phase24-feed,Lusatia,2027,SLOT,Fakten aktualisieren und Fassung finalisieren,E9,erstellung,RED,,GEN-TEXT,2027-07-06,2027-07-07,0.5,feed,M,phase,0,2027-07-13,offen,
lus-2027-SLOT-phase24-feed-F1,lus-2027-SLOT-phase24-feed,Lusatia,2027,SLOT,Faktencheck,F1,freigabe,KOM,,,2027-07-08,2027-07-09,0.25,feed,M,phase,0,2027-07-13,offen,
lus-2027-SLOT-phase24-feed-F2,lus-2027-SLOT-phase24-feed,Lusatia,2027,SLOT,Redaktionsfreigabe,F2,freigabe,KOM,,,2027-07-09,2027-07-09,0.25,feed,M,phase,0,2027-07-13,offen,
lus-2027-SLOT-phase24-feed-X1,lus-2027-SLOT-phase24-feed,Lusatia,2027,SLOT,"Einplanen, Collab und Markierungen setzen",X1,posting,CM,,,2027-07-12,2027-07-12,0.25,feed,M,phase,0,2027-07-13,offen,
lus-2027-SLOT-phase24-feed-X2,lus-2027-SLOT-phase24-feed,Lusatia,2027,SLOT,"Veröffentlichung kontrollieren, Beteiligte informieren",X2,posting,CM,,,2027-07-13,2027-07-13,0.25,feed,M,phase,0,2027-07-13,offen,
lus-2027-SLOT-phase24-feed-N1,lus-2027-SLOT-phase24-feed,Lusatia,2027,SLOT,Kommentare und Nachrichten betreuen,N1,nachbereitung,CM,,,2027-07-13,2027-07-16,0.75,feed,M,phase,0,2027-07-13,offen,
lus-2027-SLOT-phase24-feed-N2,lus-2027-SLOT-phase24-feed,Lusatia,2027,SLOT,Link und Ergebnis dokumentieren,N2,nachbereitung,CM,,,2027-07-20,2027-07-20,0.25,feed,M,phase,0,2027-07-13,offen,
lus-2027-F7-BUENDEL-F-feed,,Lusatia,2027,F7-BUENDEL,Wichtigste Infos bündeln,,,KOM,,,2027-04-27,2027-07-16,9.25,feed,M,F,-7,2027-07-16,offen,vorgezogen auf Stichtag 15.06.
lus-2027-F7-BUENDEL-F-feed-P1,lus-2027-F7-BUENDEL-F-feed,Lusatia,2027,F7-BUENDEL,Briefing anlegen,P1,planung,KOM,,,2027-04-27,2027-04-27,0.5,feed,M,F,-7,2027-07-16,offen,
lus-2027-F7-BUENDEL-F-feed-P2,lus-2027-F7-BUENDEL-F-feed,Lusatia,2027,F7-BUENDEL,Material und Beteiligte anfragen,P2,planung,RED,,,2027-04-27,2027-04-30,0.5,feed,M,F,-7,2027-07-16,offen,
lus-2027-F7-BUENDEL-F-feed-E1,lus-2027-F7-BUENDEL-F-feed,Lusatia,2027,F7-BUENDEL,Text oder Skript erzeugen und überarbeiten,E1,erstellung,RED,,GEN-TEXT|GEN-SKRIPT,2027-04-30,2027-05-03,1.5,feed,M,F,-7,2027-07-16,offen,
lus-2027-F7-BUENDEL-F-feed-E2,lus-2027-F7-BUENDEL-F-feed,Lusatia,2027,F7-BUENDEL,Karussell oder Schnitt erstellen,E2,erstellung,GRA,,GEN-CONTENT|GEN-GRAFIK,2027-04-30,2027-05-04,3.0,feed,M,F,-7,2027-07-16,offen,
lus-2027-F7-BUENDEL-F-feed-A1,lus-2027-F7-BUENDEL-F-feed,Lusatia,2027,F7-BUENDEL,"Mit Beteiligten abstimmen, Collab-Einladung klären",A1,abstimmung,RED,,,2027-05-04,2027-05-04,0.75,feed,M,F,-7,2027-07-16,offen,
lus-2027-F7-BUENDEL-F-feed-E9,lus-2027-F7-BUENDEL-F-feed,Lusatia,2027,F7-BUENDEL,Fakten aktualisieren und Fassung finalisieren,E9,erstellung,RED,,GEN-TEXT,2027-07-09,2027-07-09,0.5,feed,M,F,-7,2027-07-16,offen,
lus-2027-F7-BUENDEL-F-feed-F1,lus-2027-F7-BUENDEL-F-feed,Lusatia,2027,F7-BUENDEL,Faktencheck,F1,freigabe,FACH-BETR,,,2027-07-09,2027-07-12,0.25,feed,M,F,-7,2027-07-16,offen,
lus-2027-F7-BUENDEL-F-feed-F2,lus-2027-F7-BUENDEL-F-feed,Lusatia,2027,F7-BUENDEL,Redaktionsfreigabe,F2,freigabe,KOM,,,2027-07-13,2027-07-13,0.25,feed,M,F,-7,2027-07-16,offen,
lus-2027-F7-BUENDEL-F-feed-X1,lus-2027-F7-BUENDEL-F-feed,Lusatia,2027,F7-BUENDEL,"Einplanen, Collab und Markierungen setzen",X1,posting,CM,,,2027-07-15,2027-07-15,0.25,feed,M,F,-7,2027-07-16,offen,
lus-2027-F7-BUENDEL-F-feed-X2,lus-2027-F7-BUENDEL-F-feed,Lusatia,2027,F7-BUENDEL,"Veröffentlichung kontrollieren, Beteiligte informieren",X2,posting,CM,,,2027-07-16,2027-07-16,0.25,feed,M,F,-7,2027-07-16,offen,
lus-2027-F7-BUENDEL-F-feed-X9,lus-2027-F7-BUENDEL-F-feed,Lusatia,2027,F7-BUENDEL,Story begleitend ausspielen,X9,posting,CM,,GEN-CONTENT,2027-07-16,2027-07-16,0.5,feed,M,F,-7,2027-07-16,offen,
lus-2027-F7-BUENDEL-F-feed-N1,lus-2027-F7-BUENDEL-F-feed,Lusatia,2027,F7-BUENDEL,Kommentare und Nachrichten betreuen,N1,nachbereitung,CM,,,2027-07-16,2027-07-19,0.75,feed,M,F,-7,2027-07-16,offen,
lus-2027-F7-BUENDEL-F-feed-N2,lus-2027-F7-BUENDEL-F-feed,Lusatia,2027,F7-BUENDEL,Link und Ergebnis dokumentieren,N2,nachbereitung,CM,,,2027-07-23,2027-07-23,0.25,feed,M,F,-7,2027-07-16,offen,
lus-2027-F7-BUENDEL-WEB-F-website,,Lusatia,2027,F7-BUENDEL-WEB,Website zu: Wichtigste Infos bündeln,,,KOM,,,2027-07-13,2027-07-16,1.5,website,WEB,F,-7,2027-07-16,offen,
lus-2027-F7-BUENDEL-WEB-F-website-E1,lus-2027-F7-BUENDEL-WEB-F-website,Lusatia,2027,F7-BUENDEL-WEB,Seite aktualisieren,E1,erstellung,WEB,,GEN-TEXT,2027-07-13,2027-07-14,1.0,website,WEB,F,-7,2027-07-16,offen,
lus-2027-F7-BUENDEL-WEB-F-website-F1,lus-2027-F7-BUENDEL-WEB-F-website,Lusatia,2027,F7-BUENDEL-WEB,Faktencheck,F1,freigabe,FACH-BETR,,,2027-07-15,2027-07-15,0.25,website,WEB,F,-7,2027-07-16,offen,
lus-2027-F7-BUENDEL-WEB-F-website-X1,lus-2027-F7-BUENDEL-WEB-F-website,Lusatia,2027,F7-BUENDEL-WEB,"Live schalten, Links prüfen",X1,posting,WEB,,,2027-07-16,2027-07-16,0.25,website,WEB,F,-7,2027-07-16,offen,
lus-2027-F7-PR-F-presse,,Lusatia,2027,F7-PR,Pressemitteilung Festivalstart,,,KOM,,,2027-07-02,2027-07-16,5.0,presse,PR,F,-7,2027-07-16,offen,
lus-2027-F7-PR-F-presse-P1,lus-2027-F7-PR-F-presse,Lusatia,2027,F7-PR,Anlass und Verteiler festlegen,P1,planung,PRESSE,,,2027-07-02,2027-07-02,0.5,presse,PR,F,-7,2027-07-16,offen,
lus-2027-F7-PR-F-presse-E1,lus-2027-F7-PR-F-presse,Lusatia,2027,F7-PR,Mitteilung erzeugen und überarbeiten,E1,erstellung,PRESSE,,GEN-TEXT,2027-07-02,2027-07-07,2.0,presse,PR,F,-7,2027-07-16,offen,
lus-2027-F7-PR-F-presse-E2,lus-2027-F7-PR-F-presse,Lusatia,2027,F7-PR,"Pressefotos auswählen, Credits",E2,erstellung,GRA,,,2027-07-06,2027-07-08,1.0,presse,PR,F,-7,2027-07-16,offen,
lus-2027-F7-PR-F-presse-F1,lus-2027-F7-PR-F-presse,Lusatia,2027,F7-PR,Faktencheck,F1,freigabe,FACH-PROG,,,2027-07-09,2027-07-09,0.5,presse,PR,F,-7,2027-07-16,offen,
lus-2027-F7-PR-F-presse-F2,lus-2027-F7-PR-F-presse,Lusatia,2027,F7-PR,Freigabe,F2,freigabe,KOM,,,2027-07-09,2027-07-09,0.25,presse,PR,F,-7,2027-07-16,offen,
lus-2027-F7-PR-F-presse-X1,lus-2027-F7-PR-F-presse,Lusatia,2027,F7-PR,Versand,X1,posting,PRESSE,,,2027-07-16,2027-07-16,0.5,presse,PR,F,-7,2027-07-16,offen,
lus-2027-F7-PR-F-presse-N1,lus-2027-F7-PR-F-presse,Lusatia,2027,F7-PR,"Nachfassen, Veröffentlichungen sammeln",N1,nachbereitung,PRESSE,,,2027-07-16,2027-07-21,0.25,presse,PR,F,-7,2027-07-16,offen,
lus-2027-F3-TM-F-mail_ticketinhabende,,Lusatia,2027,F3-TM,Mail letzte Infos,,,KOM,,,2027-07-13,2027-07-20,3.0,mail_ticketinhabende,TM,F,-3,2027-07-20,offen,
lus-2027-F3-TM-F-mail_ticketinhabende-P1,lus-2027-F3-TM-F-mail_ticketinhabende,Lusatia,2027,F3-TM,Inhalt und Segment festlegen,P1,planung,KOM,,,2027-07-13,2027-07-13,0.25,mail_ticketinhabende,TM,F,-3,2027-07-20,offen,
lus-2027-F3-TM-F-mail_ticketinhabende-E1,lus-2027-F3-TM-F-mail_ticketinhabende,Lusatia,2027,F3-TM,Text aus Vorlage erzeugen und überarbeiten,E1,erstellung,RED,,GEN-TEXT,2027-07-14,2027-07-15,1.25,mail_ticketinhabende,TM,F,-3,2027-07-20,offen,
lus-2027-F3-TM-F-mail_ticketinhabende-F1,lus-2027-F3-TM-F-mail_ticketinhabende,Lusatia,2027,F3-TM,Faktencheck,F1,freigabe,FACH-BETR,,,2027-07-16,2027-07-16,0.5,mail_ticketinhabende,TM,F,-3,2027-07-20,offen,
lus-2027-F3-TM-F-mail_ticketinhabende-F2,lus-2027-F3-TM-F-mail_ticketinhabende,Lusatia,2027,F3-TM,Redaktionsfreigabe,F2,freigabe,KOM,,,2027-07-16,2027-07-16,0.25,mail_ticketinhabende,TM,F,-3,2027-07-20,offen,
lus-2027-F3-TM-F-mail_ticketinhabende-X1,lus-2027-F3-TM-F-mail_ticketinhabende,Lusatia,2027,F3-TM,Testversand und Links prüfen,X1,posting,RED,,,2027-07-19,2027-07-19,0.5,mail_ticketinhabende,TM,F,-3,2027-07-20,offen,
lus-2027-F3-TM-F-mail_ticketinhabende-X2,lus-2027-F3-TM-F-mail_ticketinhabende,Lusatia,2027,F3-TM,Versand,X2,posting,RED,,,2027-07-20,2027-07-20,0.25,mail_ticketinhabende,TM,F,-3,2027-07-20,offen,
lus-2027-SLOT-phase25-feed,,Lusatia,2027,SLOT,Redaktionsslot erlebnis,,,KOM,,,2027-07-13,2027-07-20,3.2,feed,S,phase,0,2027-07-20,offen,
lus-2027-SLOT-phase25-feed-P1,lus-2027-SLOT-phase25-feed,Lusatia,2027,SLOT,"Briefing anlegen (Zielgruppe, Zweck, Kernbotschaft, Faktenquelle)",P1,planung,KOM,,,2027-07-13,2027-07-13,0.25,feed,S,phase,0,2027-07-20,offen,
lus-2027-SLOT-phase25-feed-E1,lus-2027-SLOT-phase25-feed,Lusatia,2027,SLOT,Text erzeugen und überarbeiten,E1,erstellung,RED,,GEN-TEXT,2027-07-14,2027-07-15,0.5,feed,S,phase,0,2027-07-20,offen,
lus-2027-SLOT-phase25-feed-E2,lus-2027-SLOT-phase25-feed,Lusatia,2027,SLOT,Grafik erzeugen und anpassen,E2,erstellung,GRA,,GEN-GRAFIK,2027-07-14,2027-07-16,1.0,feed,S,phase,0,2027-07-20,offen,
lus-2027-SLOT-phase25-feed-F1,lus-2027-SLOT-phase25-feed,Lusatia,2027,SLOT,Faktencheck,F1,freigabe,KOM,,,2027-07-16,2027-07-16,0.25,feed,S,phase,0,2027-07-20,offen,
lus-2027-SLOT-phase25-feed-F2,lus-2027-SLOT-phase25-feed,Lusatia,2027,SLOT,Redaktionsfreigabe,F2,freigabe,KOM,,,2027-07-16,2027-07-16,0.25,feed,S,phase,0,2027-07-20,offen,
lus-2027-SLOT-phase25-feed-X1,lus-2027-SLOT-phase25-feed,Lusatia,2027,SLOT,"Einplanen, Links und Markierungen prüfen",X1,posting,CM,,,2027-07-19,2027-07-19,0.25,feed,S,phase,0,2027-07-20,offen,
lus-2027-SLOT-phase25-feed-X2,lus-2027-SLOT-phase25-feed,Lusatia,2027,SLOT,Veröffentlichung kontrollieren,X2,posting,CM,,,2027-07-20,2027-07-20,0.1,feed,S,phase,0,2027-07-20,offen,
lus-2027-SLOT-phase25-feed-N1,lus-2027-SLOT-phase25-feed,Lusatia,2027,SLOT,Kommentare und Nachrichten betreuen,N1,nachbereitung,CM,,,2027-07-20,2027-07-22,0.5,feed,S,phase,0,2027-07-20,offen,
lus-2027-SLOT-phase25-feed-N2,lus-2027-SLOT-phase25-feed,Lusatia,2027,SLOT,Link und Ergebnis dokumentieren,N2,nachbereitung,CM,,,2027-07-27,2027-07-27,0.1,feed,S,phase,0,2027-07-20,offen,
lus-2027-F1-STORY-F-story,,Lusatia,2027,F1-STORY,Letzte Orientierung,,,KOM,,,2027-07-15,2027-07-22,3.2,story,S,F,-1,2027-07-22,offen,
lus-2027-F1-STORY-F-story-P1,lus-2027-F1-STORY-F-story,Lusatia,2027,F1-STORY,"Briefing anlegen (Zielgruppe, Zweck, Kernbotschaft, Faktenquelle)",P1,planung,KOM,,,2027-07-15,2027-07-15,0.25,story,S,F,-1,2027-07-22,offen,
lus-2027-F1-STORY-F-story-E1,lus-2027-F1-STORY-F-story,Lusatia,2027,F1-STORY,Text erzeugen und überarbeiten,E1,erstellung,RED,,GEN-TEXT,2027-07-16,2027-07-16,0.5,story,S,F,-1,2027-07-22,offen,
lus-2027-F1-STORY-F-story-E2,lus-2027-F1-STORY-F-story,Lusatia,2027,F1-STORY,Grafik erzeugen und anpassen,E2,erstellung,GRA,,GEN-GRAFIK,2027-07-16,2027-07-16,1.0,story,S,F,-1,2027-07-22,offen,
lus-2027-F1-STORY-F-story-F1,lus-2027-F1-STORY-F-story,Lusatia,2027,F1-STORY,Faktencheck,F1,freigabe,FACH-BETR,,,2027-07-16,2027-07-19,0.25,story,S,F,-1,2027-07-22,offen,
lus-2027-F1-STORY-F-story-F2,lus-2027-F1-STORY-F-story,Lusatia,2027,F1-STORY,Redaktionsfreigabe,F2,freigabe,KOM,,,2027-07-19,2027-07-19,0.25,story,S,F,-1,2027-07-22,offen,
lus-2027-F1-STORY-F-story-X1,lus-2027-F1-STORY-F-story,Lusatia,2027,F1-STORY,"Einplanen, Links und Markierungen prüfen",X1,posting,CM,,,2027-07-21,2027-07-21,0.25,story,S,F,-1,2027-07-22,offen,
lus-2027-F1-STORY-F-story-X2,lus-2027-F1-STORY-F-story,Lusatia,2027,F1-STORY,Veröffentlichung kontrollieren,X2,posting,CM,,,2027-07-22,2027-07-22,0.1,story,S,F,-1,2027-07-22,offen,
lus-2027-F1-STORY-F-story-N1,lus-2027-F1-STORY-F-story,Lusatia,2027,F1-STORY,Kommentare und Nachrichten betreuen,N1,nachbereitung,CM,,,2027-07-22,2027-07-24,0.5,story,S,F,-1,2027-07-22,offen,
lus-2027-F1-STORY-F-story-N2,lus-2027-F1-STORY-F-story,Lusatia,2027,F1-STORY,Link und Ergebnis dokumentieren,N2,nachbereitung,CM,,,2027-07-29,2027-07-29,0.1,story,S,F,-1,2027-07-22,offen,
lus-2027-F-LIVE-F-story_app,,Lusatia,2027,F-LIVE,Tagesorientierung während des Festivals,,,KOM,,,2027-07-23,2027-07-23,1.5,story_app,INT,F,0,2027-07-23,offen,
lus-2027-F-LIVE-F-story_app-I1,lus-2027-F-LIVE-F-story_app,Lusatia,2027,F-LIVE,"Tagesprogramm, Änderungen, Care-Hinweise ausspielen",I1,posting,CM,,GEN-CONTENT,2027-07-23,2027-07-23,1.5,story_app,INT,F,0,2027-07-23,offen,
lus-2027-Z1-DANK-Z-feed,,Lusatia,2027,Z1-DANK,Dank und Fundsachen,,,KOM,,,2027-07-19,2027-07-26,3.7,feed,S,Z,1,2027-07-26,offen,
lus-2027-Z1-DANK-Z-feed-P1,lus-2027-Z1-DANK-Z-feed,Lusatia,2027,Z1-DANK,"Briefing anlegen (Zielgruppe, Zweck, Kernbotschaft, Faktenquelle)",P1,planung,KOM,,,2027-07-19,2027-07-19,0.25,feed,S,Z,1,2027-07-26,offen,
lus-2027-Z1-DANK-Z-feed-E1,lus-2027-Z1-DANK-Z-feed,Lusatia,2027,Z1-DANK,Text erzeugen und überarbeiten,E1,erstellung,RED,,GEN-TEXT,2027-07-20,2027-07-21,0.5,feed,S,Z,1,2027-07-26,offen,
lus-2027-Z1-DANK-Z-feed-E2,lus-2027-Z1-DANK-Z-feed,Lusatia,2027,Z1-DANK,Grafik erzeugen und anpassen,E2,erstellung,GRA,,GEN-GRAFIK,2027-07-20,2027-07-22,1.0,feed,S,Z,1,2027-07-26,offen,
lus-2027-Z1-DANK-Z-feed-F1,lus-2027-Z1-DANK-Z-feed,Lusatia,2027,Z1-DANK,Faktencheck,F1,freigabe,KOM,,,2027-07-22,2027-07-23,0.25,feed,S,Z,1,2027-07-26,offen,
lus-2027-Z1-DANK-Z-feed-F2,lus-2027-Z1-DANK-Z-feed,Lusatia,2027,Z1-DANK,Redaktionsfreigabe,F2,freigabe,KOM,,,2027-07-23,2027-07-23,0.25,feed,S,Z,1,2027-07-26,offen,
lus-2027-Z1-DANK-Z-feed-X1,lus-2027-Z1-DANK-Z-feed,Lusatia,2027,Z1-DANK,"Einplanen, Links und Markierungen prüfen",X1,posting,CM,,,2027-07-23,2027-07-23,0.25,feed,S,Z,1,2027-07-26,offen,
lus-2027-Z1-DANK-Z-feed-X2,lus-2027-Z1-DANK-Z-feed,Lusatia,2027,Z1-DANK,Veröffentlichung kontrollieren,X2,posting,CM,,,2027-07-26,2027-07-26,0.1,feed,S,Z,1,2027-07-26,offen,
lus-2027-Z1-DANK-Z-feed-X9,lus-2027-Z1-DANK-Z-feed,Lusatia,2027,Z1-DANK,Story begleitend ausspielen,X9,posting,CM,,GEN-CONTENT,2027-07-26,2027-07-26,0.5,feed,S,Z,1,2027-07-26,offen,
lus-2027-Z1-DANK-Z-feed-N1,lus-2027-Z1-DANK-Z-feed,Lusatia,2027,Z1-DANK,Kommentare und Nachrichten betreuen,N1,nachbereitung,CM,,,2027-07-26,2027-07-28,0.5,feed,S,Z,1,2027-07-26,offen,
lus-2027-Z1-DANK-Z-feed-N2,lus-2027-Z1-DANK-Z-feed,Lusatia,2027,Z1-DANK,Link und Ergebnis dokumentieren,N2,nachbereitung,CM,,,2027-08-02,2027-08-02,0.1,feed,S,Z,1,2027-07-26,offen,
lus-2027-Z1-TM-Z-mail_ticketinhabende,,Lusatia,2027,Z1-TM,"Mail Dank, Fundsachen, Feedback",,,KOM,,,2027-07-19,2027-07-26,3.0,mail_ticketinhabende,TM,Z,1,2027-07-26,offen,
lus-2027-Z1-TM-Z-mail_ticketinhabende-P1,lus-2027-Z1-TM-Z-mail_ticketinhabende,Lusatia,2027,Z1-TM,Inhalt und Segment festlegen,P1,planung,KOM,,,2027-07-19,2027-07-19,0.25,mail_ticketinhabende,TM,Z,1,2027-07-26,offen,
lus-2027-Z1-TM-Z-mail_ticketinhabende-E1,lus-2027-Z1-TM-Z-mail_ticketinhabende,Lusatia,2027,Z1-TM,Text aus Vorlage erzeugen und überarbeiten,E1,erstellung,RED,,GEN-TEXT,2027-07-20,2027-07-21,1.25,mail_ticketinhabende,TM,Z,1,2027-07-26,offen,
lus-2027-Z1-TM-Z-mail_ticketinhabende-F1,lus-2027-Z1-TM-Z-mail_ticketinhabende,Lusatia,2027,Z1-TM,Faktencheck,F1,freigabe,FACH-BETR,,,2027-07-22,2027-07-23,0.5,mail_ticketinhabende,TM,Z,1,2027-07-26,offen,
lus-2027-Z1-TM-Z-mail_ticketinhabende-F2,lus-2027-Z1-TM-Z-mail_ticketinhabende,Lusatia,2027,Z1-TM,Redaktionsfreigabe,F2,freigabe,KOM,,,2027-07-23,2027-07-23,0.25,mail_ticketinhabende,TM,Z,1,2027-07-26,offen,
lus-2027-Z1-TM-Z-mail_ticketinhabende-X1,lus-2027-Z1-TM-Z-mail_ticketinhabende,Lusatia,2027,Z1-TM,Testversand und Links prüfen,X1,posting,RED,,,2027-07-23,2027-07-23,0.5,mail_ticketinhabende,TM,Z,1,2027-07-26,offen,
lus-2027-Z1-TM-Z-mail_ticketinhabende-X2,lus-2027-Z1-TM-Z-mail_ticketinhabende,Lusatia,2027,Z1-TM,Versand,X2,posting,RED,,,2027-07-26,2027-07-26,0.25,mail_ticketinhabende,TM,Z,1,2027-07-26,offen,
lus-2027-Z2-PR-Z-presse,,Lusatia,2027,Z2-PR,Pressemitteilung Bilanz,,,KOM,,,2027-07-13,2027-07-27,5.0,presse,PR,Z,2,2027-07-27,offen,
lus-2027-Z2-PR-Z-presse-P1,lus-2027-Z2-PR-Z-presse,Lusatia,2027,Z2-PR,Anlass und Verteiler festlegen,P1,planung,PRESSE,,,2027-07-13,2027-07-13,0.5,presse,PR,Z,2,2027-07-27,offen,
lus-2027-Z2-PR-Z-presse-E1,lus-2027-Z2-PR-Z-presse,Lusatia,2027,Z2-PR,Mitteilung erzeugen und überarbeiten,E1,erstellung,PRESSE,,GEN-TEXT,2027-07-15,2027-07-16,2.0,presse,PR,Z,2,2027-07-27,offen,
lus-2027-Z2-PR-Z-presse-E2,lus-2027-Z2-PR-Z-presse,Lusatia,2027,Z2-PR,"Pressefotos auswählen, Credits",E2,erstellung,GRA,,,2027-07-16,2027-07-19,1.0,presse,PR,Z,2,2027-07-27,offen,
lus-2027-Z2-PR-Z-presse-F1,lus-2027-Z2-PR-Z-presse,Lusatia,2027,Z2-PR,Faktencheck,F1,freigabe,KOM,,,2027-07-20,2027-07-21,0.5,presse,PR,Z,2,2027-07-27,offen,
lus-2027-Z2-PR-Z-presse-F2,lus-2027-Z2-PR-Z-presse,Lusatia,2027,Z2-PR,Freigabe,F2,freigabe,KOM,,,2027-07-22,2027-07-22,0.25,presse,PR,Z,2,2027-07-27,offen,
lus-2027-Z2-PR-Z-presse-X1,lus-2027-Z2-PR-Z-presse,Lusatia,2027,Z2-PR,Versand,X1,posting,PRESSE,,,2027-07-27,2027-07-27,0.5,presse,PR,Z,2,2027-07-27,offen,
lus-2027-Z2-PR-Z-presse-N1,lus-2027-Z2-PR-Z-presse,Lusatia,2027,Z2-PR,"Nachfassen, Veröffentlichungen sammeln",N1,nachbereitung,PRESSE,,,2027-07-29,2027-07-30,0.25,presse,PR,Z,2,2027-07-27,offen,
lus-2027-Z5-NL-Z-newsletter,,Lusatia,2027,Z5-NL,Newsletter Rückblick und nächste Ausgabe,,,KOM,,,2027-07-20,2027-07-30,4.0,newsletter,NL,Z,5,2027-07-30,offen,
lus-2027-Z5-NL-Z-newsletter-P1,lus-2027-Z5-NL-Z-newsletter,Lusatia,2027,Z5-NL,Thema und Empfängergruppe festlegen,P1,planung,KOM,,,2027-07-20,2027-07-20,0.25,newsletter,NL,Z,5,2027-07-30,offen,
lus-2027-Z5-NL-Z-newsletter-E1,lus-2027-Z5-NL-Z-newsletter,Lusatia,2027,Z5-NL,"Betreff, Vorschau und Text erzeugen und überarbeiten",E1,erstellung,RED,,GEN-TEXT,2027-07-23,2027-07-23,1.5,newsletter,NL,Z,5,2027-07-30,offen,
lus-2027-Z5-NL-Z-newsletter-E2,lus-2027-Z5-NL-Z-newsletter,Lusatia,2027,Z5-NL,Bilder erstellen,E2,erstellung,GRA,,GEN-GRAFIK,2027-07-23,2027-07-26,0.75,newsletter,NL,Z,5,2027-07-30,offen,
lus-2027-Z5-NL-Z-newsletter-F1,lus-2027-Z5-NL-Z-newsletter,Lusatia,2027,Z5-NL,Faktencheck,F1,freigabe,KOM,,,2027-07-26,2027-07-27,0.25,newsletter,NL,Z,5,2027-07-30,offen,
lus-2027-Z5-NL-Z-newsletter-F2,lus-2027-Z5-NL-Z-newsletter,Lusatia,2027,Z5-NL,Redaktionsfreigabe,F2,freigabe,KOM,,,2027-07-27,2027-07-27,0.25,newsletter,NL,Z,5,2027-07-30,offen,
lus-2027-Z5-NL-Z-newsletter-X1,lus-2027-Z5-NL-Z-newsletter,Lusatia,2027,Z5-NL,"Testversand, Links und Segment prüfen",X1,posting,RED,,,2027-07-28,2027-07-28,0.5,newsletter,NL,Z,5,2027-07-30,offen,
lus-2027-Z5-NL-Z-newsletter-X2,lus-2027-Z5-NL-Z-newsletter,Lusatia,2027,Z5-NL,Versand,X2,posting,RED,,,2027-07-30,2027-07-30,0.25,newsletter,NL,Z,5,2027-07-30,offen,
lus-2027-Z5-NL-Z-newsletter-N1,lus-2027-Z5-NL-Z-newsletter,Lusatia,2027,Z5-NL,"Klicks, Antworten, Abmeldungen auswerten",N1,nachbereitung,RED,,,2027-08-02,2027-08-02,0.25,newsletter,NL,Z,5,2027-07-30,offen,
lus-2027-SLOT-phase26-feed,,Lusatia,2027,SLOT,Redaktionsslot menschen,,,KOM,,,2027-07-23,2027-08-01,3.2,feed,S,phase,0,2027-08-01,offen,
lus-2027-SLOT-phase26-feed-P1,lus-2027-SLOT-phase26-feed,Lusatia,2027,SLOT,"Briefing anlegen (Zielgruppe, Zweck, Kernbotschaft, Faktenquelle)",P1,planung,KOM,,,2027-07-23,2027-07-23,0.25,feed,S,phase,0,2027-08-01,offen,
lus-2027-SLOT-phase26-feed-E1,lus-2027-SLOT-phase26-feed,Lusatia,2027,SLOT,Text erzeugen und überarbeiten,E1,erstellung,RED,,GEN-TEXT,2027-07-26,2027-07-27,0.5,feed,S,phase,0,2027-08-01,offen,
lus-2027-SLOT-phase26-feed-E2,lus-2027-SLOT-phase26-feed,Lusatia,2027,SLOT,Grafik erzeugen und anpassen,E2,erstellung,GRA,,GEN-GRAFIK,2027-07-26,2027-07-28,1.0,feed,S,phase,0,2027-08-01,offen,
lus-2027-SLOT-phase26-feed-F1,lus-2027-SLOT-phase26-feed,Lusatia,2027,SLOT,Faktencheck,F1,freigabe,KOM,,,2027-07-28,2027-07-29,0.25,feed,S,phase,0,2027-08-01,offen,
lus-2027-SLOT-phase26-feed-F2,lus-2027-SLOT-phase26-feed,Lusatia,2027,SLOT,Redaktionsfreigabe,F2,freigabe,KOM,,,2027-07-29,2027-07-29,0.25,feed,S,phase,0,2027-08-01,offen,
lus-2027-SLOT-phase26-feed-X1,lus-2027-SLOT-phase26-feed,Lusatia,2027,SLOT,"Einplanen, Links und Markierungen prüfen",X1,posting,CM,,,2027-07-30,2027-07-30,0.25,feed,S,phase,0,2027-08-01,offen,
lus-2027-SLOT-phase26-feed-X2,lus-2027-SLOT-phase26-feed,Lusatia,2027,SLOT,Veröffentlichung kontrollieren,X2,posting,CM,,,2027-08-01,2027-08-01,0.1,feed,S,phase,0,2027-08-01,offen,
lus-2027-SLOT-phase26-feed-N1,lus-2027-SLOT-phase26-feed,Lusatia,2027,SLOT,Kommentare und Nachrichten betreuen,N1,nachbereitung,CM,,,2027-08-01,2027-08-03,0.5,feed,S,phase,0,2027-08-01,offen,
lus-2027-SLOT-phase26-feed-N2,lus-2027-SLOT-phase26-feed,Lusatia,2027,SLOT,Link und Ergebnis dokumentieren,N2,nachbereitung,CM,,,2027-08-06,2027-08-06,0.1,feed,S,phase,0,2027-08-01,offen,
lus-2027-Z10-GALERIE-Z-feed,,Lusatia,2027,Z10-GALERIE,Fotogalerie und Rückblick,,,KOM,,,2027-05-05,2027-08-04,8.75,feed,M,Z,10,2027-08-04,offen,vorgezogen auf Stichtag 15.06.
lus-2027-Z10-GALERIE-Z-feed-P1,lus-2027-Z10-GALERIE-Z-feed,Lusatia,2027,Z10-GALERIE,Briefing anlegen,P1,planung,KOM,,,2027-05-05,2027-05-05,0.5,feed,M,Z,10,2027-08-04,offen,
lus-2027-Z10-GALERIE-Z-feed-P2,lus-2027-Z10-GALERIE-Z-feed,Lusatia,2027,Z10-GALERIE,Material und Beteiligte anfragen,P2,planung,RED,,,2027-05-05,2027-05-07,0.5,feed,M,Z,10,2027-08-04,offen,
lus-2027-Z10-GALERIE-Z-feed-E1,lus-2027-Z10-GALERIE-Z-feed,Lusatia,2027,Z10-GALERIE,Text oder Skript erzeugen und überarbeiten,E1,erstellung,RED,,GEN-TEXT|GEN-SKRIPT,2027-05-07,2027-05-11,1.5,feed,M,Z,10,2027-08-04,offen,
lus-2027-Z10-GALERIE-Z-feed-E2,lus-2027-Z10-GALERIE-Z-feed,Lusatia,2027,Z10-GALERIE,Karussell oder Schnitt erstellen,E2,erstellung,GRA,,GEN-CONTENT|GEN-GRAFIK,2027-05-10,2027-05-13,3.0,feed,M,Z,10,2027-08-04,offen,
lus-2027-Z10-GALERIE-Z-feed-A1,lus-2027-Z10-GALERIE-Z-feed,Lusatia,2027,Z10-GALERIE,"Mit Beteiligten abstimmen, Collab-Einladung klären",A1,abstimmung,RED,,,2027-05-12,2027-05-14,0.75,feed,M,Z,10,2027-08-04,offen,
lus-2027-Z10-GALERIE-Z-feed-E9,lus-2027-Z10-GALERIE-Z-feed,Lusatia,2027,Z10-GALERIE,Fakten aktualisieren und Fassung finalisieren,E9,erstellung,RED,,GEN-TEXT,2027-07-28,2027-07-29,0.5,feed,M,Z,10,2027-08-04,offen,
lus-2027-Z10-GALERIE-Z-feed-F1,lus-2027-Z10-GALERIE-Z-feed,Lusatia,2027,Z10-GALERIE,Faktencheck,F1,freigabe,KOM,,,2027-07-30,2027-07-30,0.25,feed,M,Z,10,2027-08-04,offen,
lus-2027-Z10-GALERIE-Z-feed-F2,lus-2027-Z10-GALERIE-Z-feed,Lusatia,2027,Z10-GALERIE,Redaktionsfreigabe,F2,freigabe,KOM,,,2027-07-30,2027-07-30,0.25,feed,M,Z,10,2027-08-04,offen,
lus-2027-Z10-GALERIE-Z-feed-X1,lus-2027-Z10-GALERIE-Z-feed,Lusatia,2027,Z10-GALERIE,"Einplanen, Collab und Markierungen setzen",X1,posting,CM,,,2027-08-03,2027-08-03,0.25,feed,M,Z,10,2027-08-04,offen,
lus-2027-Z10-GALERIE-Z-feed-X2,lus-2027-Z10-GALERIE-Z-feed,Lusatia,2027,Z10-GALERIE,"Veröffentlichung kontrollieren, Beteiligte informieren",X2,posting,CM,,,2027-08-04,2027-08-04,0.25,feed,M,Z,10,2027-08-04,offen,
lus-2027-Z10-GALERIE-Z-feed-N1,lus-2027-Z10-GALERIE-Z-feed,Lusatia,2027,Z10-GALERIE,Kommentare und Nachrichten betreuen,N1,nachbereitung,CM,,,2027-08-04,2027-08-07,0.75,feed,M,Z,10,2027-08-04,offen,
lus-2027-Z10-GALERIE-Z-feed-N2,lus-2027-Z10-GALERIE-Z-feed,Lusatia,2027,Z10-GALERIE,Link und Ergebnis dokumentieren,N2,nachbereitung,CM,,,2027-08-11,2027-08-11,0.25,feed,M,Z,10,2027-08-04,offen,
lus-2027-Z14-DANKSERIE-Z-feed,,Lusatia,2027,Z14-DANKSERIE,Dankesserie für Beteiligte,,,KOM,,,2027-05-14,2027-08-08,8.75,feed,M,Z,14,2027-08-08,offen,vorgezogen auf Stichtag 15.06.
lus-2027-Z14-DANKSERIE-Z-feed-P1,lus-2027-Z14-DANKSERIE-Z-feed,Lusatia,2027,Z14-DANKSERIE,Briefing anlegen,P1,planung,KOM,,,2027-05-14,2027-05-14,0.5,feed,M,Z,14,2027-08-08,offen,
lus-2027-Z14-DANKSERIE-Z-feed-P2,lus-2027-Z14-DANKSERIE-Z-feed,Lusatia,2027,Z14-DANKSERIE,Material und Beteiligte anfragen,P2,planung,RED,,,2027-05-14,2027-05-20,0.5,feed,M,Z,14,2027-08-08,offen,
lus-2027-Z14-DANKSERIE-Z-feed-E1,lus-2027-Z14-DANKSERIE-Z-feed,Lusatia,2027,Z14-DANKSERIE,Text oder Skript erzeugen und überarbeiten,E1,erstellung,RED,,GEN-TEXT|GEN-SKRIPT,2027-05-20,2027-05-21,1.5,feed,M,Z,14,2027-08-08,offen,
lus-2027-Z14-DANKSERIE-Z-feed-E2,lus-2027-Z14-DANKSERIE-Z-feed,Lusatia,2027,Z14-DANKSERIE,Karussell oder Schnitt erstellen,E2,erstellung,GRA,,GEN-CONTENT|GEN-GRAFIK,2027-05-21,2027-05-24,3.0,feed,M,Z,14,2027-08-08,offen,
lus-2027-Z14-DANKSERIE-Z-feed-A1,lus-2027-Z14-DANKSERIE-Z-feed,Lusatia,2027,Z14-DANKSERIE,"Mit Beteiligten abstimmen, Collab-Einladung klären",A1,abstimmung,RED,,,2027-05-21,2027-05-25,0.75,feed,M,Z,14,2027-08-08,offen,
lus-2027-Z14-DANKSERIE-Z-feed-E9,lus-2027-Z14-DANKSERIE-Z-feed,Lusatia,2027,Z14-DANKSERIE,Fakten aktualisieren und Fassung finalisieren,E9,erstellung,RED,,GEN-TEXT,2027-07-30,2027-08-02,0.5,feed,M,Z,14,2027-08-08,offen,
lus-2027-Z14-DANKSERIE-Z-feed-F1,lus-2027-Z14-DANKSERIE-Z-feed,Lusatia,2027,Z14-DANKSERIE,Faktencheck,F1,freigabe,KOM,,,2027-08-03,2027-08-04,0.25,feed,M,Z,14,2027-08-08,offen,
lus-2027-Z14-DANKSERIE-Z-feed-F2,lus-2027-Z14-DANKSERIE-Z-feed,Lusatia,2027,Z14-DANKSERIE,Redaktionsfreigabe,F2,freigabe,KOM,,,2027-08-05,2027-08-05,0.25,feed,M,Z,14,2027-08-08,offen,
lus-2027-Z14-DANKSERIE-Z-feed-X1,lus-2027-Z14-DANKSERIE-Z-feed,Lusatia,2027,Z14-DANKSERIE,"Einplanen, Collab und Markierungen setzen",X1,posting,CM,,,2027-08-06,2027-08-06,0.25,feed,M,Z,14,2027-08-08,offen,
lus-2027-Z14-DANKSERIE-Z-feed-X2,lus-2027-Z14-DANKSERIE-Z-feed,Lusatia,2027,Z14-DANKSERIE,"Veröffentlichung kontrollieren, Beteiligte informieren",X2,posting,CM,,,2027-08-08,2027-08-08,0.25,feed,M,Z,14,2027-08-08,offen,
lus-2027-Z14-DANKSERIE-Z-feed-N1,lus-2027-Z14-DANKSERIE-Z-feed,Lusatia,2027,Z14-DANKSERIE,Kommentare und Nachrichten betreuen,N1,nachbereitung,CM,,,2027-08-08,2027-08-11,0.75,feed,M,Z,14,2027-08-08,offen,
lus-2027-Z14-DANKSERIE-Z-feed-N2,lus-2027-Z14-DANKSERIE-Z-feed,Lusatia,2027,Z14-DANKSERIE,Link und Ergebnis dokumentieren,N2,nachbereitung,CM,,,2027-08-13,2027-08-13,0.25,feed,M,Z,14,2027-08-08,offen,
lus-2027-SLOT-phase27-feed,,Lusatia,2027,SLOT,Redaktionsslot entscheidung,,,KOM,,,2027-05-27,2027-08-18,8.75,feed,M,phase,0,2027-08-18,offen,vorgezogen auf Stichtag 15.06.
lus-2027-SLOT-phase27-feed-P1,lus-2027-SLOT-phase27-feed,Lusatia,2027,SLOT,Briefing anlegen,P1,planung,KOM,,,2027-05-27,2027-05-27,0.5,feed,M,phase,0,2027-08-18,offen,
lus-2027-SLOT-phase27-feed-P2,lus-2027-SLOT-phase27-feed,Lusatia,2027,SLOT,Material und Beteiligte anfragen,P2,planung,RED,,,2027-05-27,2027-05-28,0.5,feed,M,phase,0,2027-08-18,offen,
lus-2027-SLOT-phase27-feed-E1,lus-2027-SLOT-phase27-feed,Lusatia,2027,SLOT,Text oder Skript erzeugen und überarbeiten,E1,erstellung,RED,,GEN-TEXT|GEN-SKRIPT,2027-05-28,2027-06-02,1.5,feed,M,phase,0,2027-08-18,offen,
lus-2027-SLOT-phase27-feed-E2,lus-2027-SLOT-phase27-feed,Lusatia,2027,SLOT,Karussell oder Schnitt erstellen,E2,erstellung,GRA,,GEN-CONTENT|GEN-GRAFIK,2027-06-01,2027-06-04,3.0,feed,M,phase,0,2027-08-18,offen,
lus-2027-SLOT-phase27-feed-A1,lus-2027-SLOT-phase27-feed,Lusatia,2027,SLOT,"Mit Beteiligten abstimmen, Collab-Einladung klären",A1,abstimmung,RED,,,2027-06-03,2027-06-04,0.75,feed,M,phase,0,2027-08-18,offen,
lus-2027-SLOT-phase27-feed-E9,lus-2027-SLOT-phase27-feed,Lusatia,2027,SLOT,Fakten aktualisieren und Fassung finalisieren,E9,erstellung,RED,,GEN-TEXT,2027-08-11,2027-08-12,0.5,feed,M,phase,0,2027-08-18,offen,
lus-2027-SLOT-phase27-feed-F1,lus-2027-SLOT-phase27-feed,Lusatia,2027,SLOT,Faktencheck,F1,freigabe,KOM,,,2027-08-13,2027-08-13,0.25,feed,M,phase,0,2027-08-18,offen,
lus-2027-SLOT-phase27-feed-F2,lus-2027-SLOT-phase27-feed,Lusatia,2027,SLOT,Redaktionsfreigabe,F2,freigabe,KOM,,,2027-08-13,2027-08-13,0.25,feed,M,phase,0,2027-08-18,offen,
lus-2027-SLOT-phase27-feed-X1,lus-2027-SLOT-phase27-feed,Lusatia,2027,SLOT,"Einplanen, Collab und Markierungen setzen",X1,posting,CM,,,2027-08-17,2027-08-17,0.25,feed,M,phase,0,2027-08-18,offen,
lus-2027-SLOT-phase27-feed-X2,lus-2027-SLOT-phase27-feed,Lusatia,2027,SLOT,"Veröffentlichung kontrollieren, Beteiligte informieren",X2,posting,CM,,,2027-08-18,2027-08-18,0.25,feed,M,phase,0,2027-08-18,offen,
lus-2027-SLOT-phase27-feed-N1,lus-2027-SLOT-phase27-feed,Lusatia,2027,SLOT,Kommentare und Nachrichten betreuen,N1,nachbereitung,CM,,,2027-08-18,2027-08-21,0.75,feed,M,phase,0,2027-08-18,offen,
lus-2027-SLOT-phase27-feed-N2,lus-2027-SLOT-phase27-feed,Lusatia,2027,SLOT,Link und Ergebnis dokumentieren,N2,nachbereitung,CM,,,2027-08-25,2027-08-25,0.25,feed,M,phase,0,2027-08-18,offen,
lus-2027-SLOT-phase28-feed,,Lusatia,2027,SLOT,Redaktionsslot orientierung,,,KOM,,,2027-08-16,2027-08-23,3.2,feed,S,phase,0,2027-08-23,offen,
lus-2027-SLOT-phase28-feed-P1,lus-2027-SLOT-phase28-feed,Lusatia,2027,SLOT,"Briefing anlegen (Zielgruppe, Zweck, Kernbotschaft, Faktenquelle)",P1,planung,KOM,,,2027-08-16,2027-08-16,0.25,feed,S,phase,0,2027-08-23,offen,
lus-2027-SLOT-phase28-feed-E1,lus-2027-SLOT-phase28-feed,Lusatia,2027,SLOT,Text erzeugen und überarbeiten,E1,erstellung,RED,,GEN-TEXT,2027-08-17,2027-08-18,0.5,feed,S,phase,0,2027-08-23,offen,
lus-2027-SLOT-phase28-feed-E2,lus-2027-SLOT-phase28-feed,Lusatia,2027,SLOT,Grafik erzeugen und anpassen,E2,erstellung,GRA,,GEN-GRAFIK,2027-08-17,2027-08-19,1.0,feed,S,phase,0,2027-08-23,offen,
lus-2027-SLOT-phase28-feed-F1,lus-2027-SLOT-phase28-feed,Lusatia,2027,SLOT,Faktencheck,F1,freigabe,KOM,,,2027-08-19,2027-08-20,0.25,feed,S,phase,0,2027-08-23,offen,
lus-2027-SLOT-phase28-feed-F2,lus-2027-SLOT-phase28-feed,Lusatia,2027,SLOT,Redaktionsfreigabe,F2,freigabe,KOM,,,2027-08-20,2027-08-20,0.25,feed,S,phase,0,2027-08-23,offen,
lus-2027-SLOT-phase28-feed-X1,lus-2027-SLOT-phase28-feed,Lusatia,2027,SLOT,"Einplanen, Links und Markierungen prüfen",X1,posting,CM,,,2027-08-20,2027-08-20,0.25,feed,S,phase,0,2027-08-23,offen,
lus-2027-SLOT-phase28-feed-X2,lus-2027-SLOT-phase28-feed,Lusatia,2027,SLOT,Veröffentlichung kontrollieren,X2,posting,CM,,,2027-08-23,2027-08-23,0.1,feed,S,phase,0,2027-08-23,offen,
lus-2027-SLOT-phase28-feed-N1,lus-2027-SLOT-phase28-feed,Lusatia,2027,SLOT,Kommentare und Nachrichten betreuen,N1,nachbereitung,CM,,,2027-08-23,2027-08-25,0.5,feed,S,phase,0,2027-08-23,offen,
lus-2027-SLOT-phase28-feed-N2,lus-2027-SLOT-phase28-feed,Lusatia,2027,SLOT,Link und Ergebnis dokumentieren,N2,nachbereitung,CM,,,2027-08-30,2027-08-30,0.1,feed,S,phase,0,2027-08-23,offen,
lus-2027-Z30-AUSW-Z-intern,,Lusatia,2027,Z30-AUSW,"Auswertung: beibehalten, verändern, beenden",,,KOM,,,2027-08-19,2027-08-24,3.0,intern,INT,Z,30,2027-08-24,offen,
lus-2027-Z30-AUSW-Z-intern-I1,lus-2027-Z30-AUSW-Z-intern,Lusatia,2027,Z30-AUSW,"Ergebnisse, Aufwand und Erkenntnisse festhalten",I1,nachbereitung,KOM,,,2027-08-19,2027-08-24,3.0,intern,INT,Z,30,2027-08-24,offen,
lus-2027-R-AFTER-R-reel,,Lusatia,2027,R-AFTER,Aftermovie,,,KOM,,,2027-05-10,2027-09-23,21.0,reel,L,R,0,2027-09-23,offen,vorgezogen auf Stichtag 15.06.
lus-2027-R-AFTER-R-reel-P1,lus-2027-R-AFTER-R-reel,Lusatia,2027,R-AFTER,Konzept und Briefing,P1,planung,KOM,,,2027-05-10,2027-05-10,1.0,reel,L,R,0,2027-09-23,offen,
lus-2027-R-AFTER-R-reel-P2,lus-2027-R-AFTER-R-reel,Lusatia,2027,R-AFTER,Skript mit 2 bis 3 Einstiegen erzeugen und auswählen,P2,planung,RED,,GEN-SKRIPT,2027-05-11,2027-05-14,2.0,reel,L,R,0,2027-09-23,offen,
lus-2027-R-AFTER-R-reel-P3,lus-2027-R-AFTER-R-reel,Lusatia,2027,R-AFTER,"Drehplanung, Termine, Einverständnisse, Musikrechte",P3,planung,VID,,,2027-05-14,2027-05-24,2.0,reel,L,R,0,2027-09-23,offen,
lus-2027-R-AFTER-R-reel-E1,lus-2027-R-AFTER-R-reel,Lusatia,2027,R-AFTER,Dreh,E1,erstellung,VID,,,2027-05-24,2027-05-31,6.0,reel,L,R,0,2027-09-23,offen,
lus-2027-R-AFTER-R-reel-E2,lus-2027-R-AFTER-R-reel,Lusatia,2027,R-AFTER,Rohschnitt,E2,erstellung,VID,,,2027-05-31,2027-06-07,5.0,reel,L,R,0,2027-09-23,offen,
lus-2027-R-AFTER-R-reel-A1,lus-2027-R-AFTER-R-reel,Lusatia,2027,R-AFTER,Feedback von Beteiligten einholen,A1,abstimmung,RED,,,2027-06-07,2027-06-11,1.0,reel,L,R,0,2027-09-23,offen,
lus-2027-R-AFTER-R-reel-E3,lus-2027-R-AFTER-R-reel,Lusatia,2027,R-AFTER,"Finalschnitt, Untertitel, Formate",E3,erstellung,VID,,,2027-06-11,2027-06-15,2.0,reel,L,R,0,2027-09-23,offen,
lus-2027-R-AFTER-R-reel-E9,lus-2027-R-AFTER-R-reel,Lusatia,2027,R-AFTER,Fakten aktualisieren und Fassung finalisieren,E9,erstellung,RED,,GEN-TEXT,2027-09-16,2027-09-17,0.5,reel,L,R,0,2027-09-23,offen,
lus-2027-R-AFTER-R-reel-F1,lus-2027-R-AFTER-R-reel,Lusatia,2027,R-AFTER,"Fakten, Personen- und Musikrechte prüfen",F1,freigabe,KOM,,,2027-09-17,2027-09-17,0.5,reel,L,R,0,2027-09-23,offen,
lus-2027-R-AFTER-R-reel-F2,lus-2027-R-AFTER-R-reel,Lusatia,2027,R-AFTER,Redaktionsfreigabe,F2,freigabe,KOM,,,2027-09-17,2027-09-17,0.25,reel,L,R,0,2027-09-23,offen,
lus-2027-R-AFTER-R-reel-X1,lus-2027-R-AFTER-R-reel,Lusatia,2027,R-AFTER,Einplanen,X1,posting,CM,,,2027-09-21,2027-09-21,0.25,reel,L,R,0,2027-09-23,offen,
lus-2027-R-AFTER-R-reel-N1,lus-2027-R-AFTER-R-reel,Lusatia,2027,R-AFTER,"Kommentare betreuen, Ergebnis dokumentieren",N1,nachbereitung,CM,,,2027-09-23,2027-09-26,0.5,reel,L,R,0,2027-09-23,offen,
lus-2027-W-STORY,,Lusatia,2027,W-STORY,Wochenpaket Stories,,,CM,,GEN-CONTENT,2026-10-15,2027-08-09,,laufend,WOCHE,phase,,,offen,wiederkehrend wöchentlich
lus-2027-W-STORY-verkaufsstart,lus-2027-W-STORY,Lusatia,2027,W-STORY,Wochenpaket Stories (verkaufsstart),verkaufsstart,laufend,CM,,GEN-CONTENT,2026-10-15,2026-11-12,4.0,laufend,WOCHE,phase,,,offen,1.0 h pro Woche
lus-2027-W-STORY-winterruhe,lus-2027-W-STORY,Lusatia,2027,W-STORY,Wochenpaket Stories (winterruhe),winterruhe,laufend,CM,,GEN-CONTENT,2026-11-12,2027-02-23,7.4,laufend,WOCHE,phase,,,offen,0.5 h pro Woche
lus-2027-W-STORY-programmaufbau,lus-2027-W-STORY,Lusatia,2027,W-STORY,Wochenpaket Stories (programmaufbau),programmaufbau,laufend,CM,,GEN-CONTENT,2027-02-23,2027-05-24,12.9,laufend,WOCHE,phase,,,offen,1.0 h pro Woche
lus-2027-W-STORY-heisse_phase,lus-2027-W-STORY,Lusatia,2027,W-STORY,Wochenpaket Stories (heisse phase),heisse_phase,laufend,CM,,GEN-CONTENT,2027-05-24,2027-07-16,15.1,laufend,WOCHE,phase,,,offen,2.0 h pro Woche
lus-2027-W-STORY-festival,lus-2027-W-STORY,Lusatia,2027,W-STORY,Wochenpaket Stories (festival),festival,laufend,CM,,GEN-CONTENT,2027-07-16,2027-07-26,5.7,laufend,WOCHE,phase,,,offen,4.0 h pro Woche
lus-2027-W-STORY-nachbereitung,lus-2027-W-STORY,Lusatia,2027,W-STORY,Wochenpaket Stories (nachbereitung),nachbereitung,laufend,CM,,GEN-CONTENT,2027-07-26,2027-08-09,2.0,laufend,WOCHE,phase,,,offen,1.0 h pro Woche
lus-2027-W-CM,,Lusatia,2027,W-CM,Kommentare und Nachrichten,,,CM,,,2026-10-15,2027-08-09,,laufend,WOCHE,phase,,,offen,wiederkehrend wöchentlich
lus-2027-W-CM-verkaufsstart,lus-2027-W-CM,Lusatia,2027,W-CM,Kommentare und Nachrichten (verkaufsstart),verkaufsstart,laufend,CM,,,2026-10-15,2026-11-12,8.0,laufend,WOCHE,phase,,,offen,2.0 h pro Woche
lus-2027-W-CM-winterruhe,lus-2027-W-CM,Lusatia,2027,W-CM,Kommentare und Nachrichten (winterruhe),winterruhe,laufend,CM,,,2026-11-12,2027-02-23,14.7,laufend,WOCHE,phase,,,offen,1.0 h pro Woche
lus-2027-W-CM-programmaufbau,lus-2027-W-CM,Lusatia,2027,W-CM,Kommentare und Nachrichten (programmaufbau),programmaufbau,laufend,CM,,,2027-02-23,2027-05-24,25.7,laufend,WOCHE,phase,,,offen,2.0 h pro Woche
lus-2027-W-CM-heisse_phase,lus-2027-W-CM,Lusatia,2027,W-CM,Kommentare und Nachrichten (heisse phase),heisse_phase,laufend,CM,,,2027-05-24,2027-07-16,30.3,laufend,WOCHE,phase,,,offen,4.0 h pro Woche
lus-2027-W-CM-festival,lus-2027-W-CM,Lusatia,2027,W-CM,Kommentare und Nachrichten (festival),festival,laufend,CM,,,2027-07-16,2027-07-26,17.1,laufend,WOCHE,phase,,,offen,12.0 h pro Woche
lus-2027-W-CM-nachbereitung,lus-2027-W-CM,Lusatia,2027,W-CM,Kommentare und Nachrichten (nachbereitung),nachbereitung,laufend,CM,,,2027-07-26,2027-08-09,6.0,laufend,WOCHE,phase,,,offen,3.0 h pro Woche
lus-2027-W-RUNDE,,Lusatia,2027,W-RUNDE,"Redaktionsrunde: Termine, Fragen, Ergebnisse",,,KOM,,,2026-10-15,2027-08-09,,laufend,WOCHE,phase,,,offen,wiederkehrend wöchentlich
lus-2027-W-RUNDE-verkaufsstart,lus-2027-W-RUNDE,Lusatia,2027,W-RUNDE,"Redaktionsrunde: Termine, Fragen, Ergebnisse (verkaufsstart)",verkaufsstart,laufend,KOM,,,2026-10-15,2026-11-12,4.0,laufend,WOCHE,phase,,,offen,1.0 h pro Woche
lus-2027-W-RUNDE-winterruhe,lus-2027-W-RUNDE,Lusatia,2027,W-RUNDE,"Redaktionsrunde: Termine, Fragen, Ergebnisse (winterruhe)",winterruhe,laufend,KOM,,,2026-11-12,2027-02-23,14.7,laufend,WOCHE,phase,,,offen,1.0 h pro Woche
lus-2027-W-RUNDE-programmaufbau,lus-2027-W-RUNDE,Lusatia,2027,W-RUNDE,"Redaktionsrunde: Termine, Fragen, Ergebnisse (programmaufbau)",programmaufbau,laufend,KOM,,,2027-02-23,2027-05-24,12.9,laufend,WOCHE,phase,,,offen,1.0 h pro Woche
lus-2027-W-RUNDE-heisse_phase,lus-2027-W-RUNDE,Lusatia,2027,W-RUNDE,"Redaktionsrunde: Termine, Fragen, Ergebnisse (heisse phase)",heisse_phase,laufend,KOM,,,2027-05-24,2027-07-16,7.6,laufend,WOCHE,phase,,,offen,1.0 h pro Woche
lus-2027-W-RUNDE-festival,lus-2027-W-RUNDE,Lusatia,2027,W-RUNDE,"Redaktionsrunde: Termine, Fragen, Ergebnisse (festival)",festival,laufend,KOM,,,2027-07-16,2027-07-26,1.4,laufend,WOCHE,phase,,,offen,1.0 h pro Woche
lus-2027-W-RUNDE-nachbereitung,lus-2027-W-RUNDE,Lusatia,2027,W-RUNDE,"Redaktionsrunde: Termine, Fragen, Ergebnisse (nachbereitung)",nachbereitung,laufend,KOM,,,2027-07-26,2027-08-09,2.0,laufend,WOCHE,phase,,,offen,1.0 h pro Woche
